,website_b
0,1
1,0
2,1
3,1
4,0
5,0
6,1
7,1
8,1
9,1
10,1
11,1
12,0
13,1
14,0
15,1
16,1
17,1
18,1
19,1
20,1
21,0
22,1
23,1
24,1
25,0
26,1
27,1
28,1
29,0
30,0
31,0
32,0
33,0
34,1
35,1
36,0
37,1
38,1
39,1
40,1
41,1
42,1
43,1
44,1
45,0
46,1
47,1
48,1
49,1
50,1
51,1
52,1
53,1
54,1
55,1
56,0
57,0
58,0
59,0
60,1
61,0
62,1
63,1
64,1
65,1
66,1
67,1
68,0
69,1
70,0
71,0
72,0
73,1
74,1
75,1
76,1
77,1
78,1
79,1
80,1
81,1
82,1
83,0
84,0
85,1
86,0
87,1
88,0
89,0
90,0
91,1
92,0
93,0
94,0
95,0
96,0
97,1
98,1
99,1
100,1
101,0
102,0
103,0
104,0
105,1
106,1
107,1
108,0
109,0
110,1
111,1
112,1
113,1
114,1
115,0
116,0
117,1
118,1
119,1
120,1
121,0
122,0
123,1
124,1
125,0
126,0
127,1
128,1
129,1
130,1
131,0
132,1
133,0
134,1
135,1
136,0
137,0
138,1
139,1
140,0
141,1
142,0
143,1
144,0
145,0
146,0
147,1
148,0
149,1
150,1
151,1
152,0
153,1
154,0
155,0
156,0
157,1
158,1
159,1
160,0
161,0
162,0
163,1
164,1
165,0
166,0
167,1
168,1
169,0
170,0
171,1
172,1
173,1
174,1
175,1
176,0
177,1
178,0
179,1
180,0
181,0
182,1
183,0
184,0
185,0
186,1
187,1
188,0
189,1
190,1
191,1
192,0
193,1
194,0
195,1
196,1
197,1
198,0
199,1
200,1
201,1
202,1
203,1
204,1
205,1
206,1
207,1
208,0
209,1
210,0
211,1
212,1
213,0
214,1
215,1
216,1
217,1
218,1
219,1
220,1
221,1
222,0
223,0
224,1
225,0
226,1
227,1
228,1
229,1
230,1
231,1
232,1
233,0
234,1
235,1
236,0
237,1
238,1
239,0
240,1
241,0
242,1
243,1
244,1
245,1
246,0
247,1
248,1
249,0
250,0
251,1
252,0
253,0
254,1
255,0
256,1
257,0
258,1
259,0
260,0
261,1
262,0
263,1
264,0
265,1
266,1
267,0
268,0
269,1
270,1
271,0
272,1
273,1
274,0
275,1
276,0
277,1
278,1
279,1
280,1
281,0
282,0
283,0
284,0
285,1
286,0
287,0
288,1
289,1
290,1
291,0
292,1
293,1
294,1
295,1
296,0
297,1
298,0
299,0
300,0
301,1
302,0
303,1
304,0
305,1
306,1
307,0
308,1
309,1
310,0
311,1
312,1
313,1
314,1
315,1
316,1
317,1
318,1
319,1
320,0
321,1
322,0
323,1
324,0
325,1
326,0
327,1
328,0
329,0
330,1
331,1
332,0
333,1
334,1
335,0
336,1
337,0
338,1
339,0
340,1
341,0
342,1
343,1
344,1
345,1
346,1
347,0
348,0
349,1
350,1
351,1
352,1
353,0
354,1
355,1
356,1
357,1
358,1
359,0
360,0
361,1
362,1
363,0
364,1
365,0
366,1
367,1
368,1
369,1
370,1
371,0
372,1
373,0
374,0
375,0
376,1
377,1
378,0
379,1
380,1
381,0
382,1
383,0
384,1
385,1
386,0
387,1
388,0
389,1
390,0
391,0
392,1
393,1
394,1
395,1
396,1
397,1
398,1
399,1
400,1
401,0
402,0
403,0
404,1
405,1
406,0
407,1
408,0
409,0
410,0
411,1
412,1
413,0
414,0
415,1
416,1
417,1
418,1
419,1
420,1
421,0
422,0
423,1
424,1
425,0
426,1
427,1
428,1
429,1
430,0
431,0
432,0
433,0
434,1
435,0
436,1
437,1
438,1
439,0
440,0
441,1
442,0
443,0
444,0
445,1
446,1
447,0
448,0
449,0
450,1
451,1
452,0
453,1
454,0
455,1
456,1
457,0
458,1
459,1
460,1
461,0
462,1
463,0
464,0
465,1
466,1
467,0
468,1
469,0
470,1
471,0
472,1
473,0
474,0
475,1
476,1
477,1
478,1
479,1
480,1
481,1
482,1
483,1
484,0
485,1
486,1
487,1
488,1
489,1
490,0
491,0
492,1
493,1
494,0
495,1
496,1
497,0
498,1
499,0
500,1
501,1
502,0
503,1
504,1
505,0
506,0
507,0
508,1
509,0
510,1
511,0
512,0
513,1
514,1
515,0
516,1
517,1
518,1
519,1
520,1
521,1
522,0
523,0
524,0
525,0
526,0
527,1
528,1
529,1
530,1
531,0
532,1
533,1
534,1
535,1
536,0
537,0
538,0
539,0
540,0
541,1
542,1
543,0
544,0
545,0
546,1
547,1
548,0
549,1
550,0
551,1
552,0
553,1
554,0
555,1
556,1
557,1
558,0
559,0
560,1
561,0
562,0
563,1
564,1
565,0
566,0
567,1
568,0
569,1
570,0
571,1
572,1
573,0
574,1
575,0
576,0
577,0
578,0
579,1
580,1
581,1
582,1
583,0
584,1
585,1
586,1
587,1
588,0
589,1
590,1
591,1
592,1
593,1
594,0
595,1
596,0
597,0
598,1
599,1
600,1
601,1
602,1
603,1
604,0
605,0
606,0
607,0
608,1
609,0
610,1
611,1
612,0
613,1
614,0
615,0
616,1
617,1
618,0
619,0
620,1
621,1
622,1
623,0
624,1
625,0
626,0
627,1
628,1
629,0
630,1
631,1
632,1
633,1
634,1
635,0
636,1
637,0
638,0
639,0
640,0
641,1
642,1
643,1
644,1
645,1
646,0
647,1
648,0
649,1
650,1
651,0
652,1
653,1
654,1
655,0
656,0
657,1
658,0
659,1
660,1
661,1
662,0
663,1
664,0
665,1
666,1
667,0
668,0
669,0
670,1
671,0
672,1
673,0
674,1
675,1
676,0
677,1
678,1
679,0
680,1
681,1
682,0
683,1
684,1
685,1
686,0
687,0
688,1
689,0
690,1
691,1
692,1
693,1
694,1
695,1
696,1
697,0
698,1
699,1
700,1
701,1
702,0
703,1
704,0
705,1
706,0
707,1
708,1
709,1
710,1
711,1
712,1
713,0
714,1
715,0
716,0
717,1
718,0
719,1
720,1
721,0
722,1
723,1
724,1
725,0
726,0
727,0
728,1
729,0
730,1
731,1
732,1
733,0
734,0
735,1
736,1
737,0
738,1
739,0
740,1
741,1
742,1
743,1
744,0
745,0
746,1
747,0
748,1
749,0
750,0
751,0
752,1
753,0
754,1
755,0
756,1
757,0
758,0
759,1
760,1
761,0
762,1
763,1
764,0
765,0
766,1
767,1
768,0
769,0
770,1
771,1
772,0
773,0
774,0
775,0
776,0
777,0
778,1
779,0
780,1
781,1
782,0
783,0
784,0
785,1
786,0
787,1
788,0
789,1
790,1
791,1
792,1
793,1
794,0
795,1
796,1
797,0
798,0
799,0
800,1
801,1
802,0
803,1
804,0
805,0
806,0
807,1
808,1
809,1
810,1
811,1
812,1
813,1
814,0
815,0
816,1
817,0
818,0
819,1
820,1
821,0
822,1
823,0
824,0
825,1
826,0
827,1
828,0
829,1
830,0
831,1
832,0
833,1
834,0
835,0
836,0
837,1
838,1
839,1
840,0
841,0
842,1
843,1
844,0
845,1
846,1
847,1
848,0
849,1
850,1
851,1
852,1
853,0
854,1
855,1
856,1
857,1
858,0
859,0
860,1
861,1
862,1
863,0
864,1
865,0
866,1
867,1
868,0
869,0
870,1
871,1
872,0
873,1
874,1
875,1
876,0
877,1
878,1
879,1
880,0
881,0
882,1
883,1
884,1
885,0
886,1
887,0
888,0
889,0
890,0
891,1
892,1
893,0
894,0
895,0
896,1
897,0
898,0
899,0
900,0
901,0
902,1
903,1
904,0
905,0
906,0
907,1
908,0
909,1
910,1
911,0
912,1
913,1
914,1
915,1
916,1
917,0
918,1
919,1
920,0
921,1
922,0
923,1
924,0
925,0
926,0
927,1
928,0
929,1
930,1
931,1
932,0
933,1
934,1
935,1
936,1
937,0
938,0
939,1
940,0
941,1
942,0
943,1
944,1
945,1
946,0
947,0
948,0
949,1
950,1
951,1
952,0
953,1
954,0
955,0
956,1
957,1
958,1
959,1
960,0
961,1
962,0
963,0
964,0
965,0
966,0
967,1
968,1
969,0
970,1
971,1
972,0
973,1
974,1
975,0
976,1
977,0
978,1
979,1
980,0
981,1
982,0
983,1
984,0
985,1
986,1
987,0
988,0
989,0
990,0
991,0
992,0
993,1
994,1
995,1
996,1
997,1
998,1
999,1
1000,1
1001,1
1002,1
1003,1
1004,0
1005,0
1006,1
1007,0
1008,1
1009,1
1010,1
1011,0
1012,0
1013,1
1014,1
1015,1
1016,1
1017,1
1018,1
1019,1
1020,0
1021,0
1022,1
1023,1
1024,1
1025,0
1026,0
1027,0
1028,0
1029,1
1030,1
1031,1
1032,0
1033,0
1034,0
1035,0
1036,1
1037,1
1038,1
1039,0
1040,0
1041,1
1042,0
1043,0
1044,0
1045,0
1046,1
1047,0
1048,1
1049,1
1050,0
1051,0
1052,0
1053,1
1054,1
1055,1
1056,0
1057,1
1058,1
1059,1
1060,1
1061,0
1062,1
1063,1
1064,0
1065,1
1066,0
1067,0
1068,1
1069,1
1070,1
1071,1
1072,0
1073,1
1074,1
1075,0
1076,0
1077,1
1078,1
1079,1
1080,1
1081,1
1082,0
1083,0
1084,0
1085,0
1086,0
1087,1
1088,1
1089,1
1090,1
1091,0
1092,0
1093,0
1094,1
1095,0
1096,0
1097,1
1098,1
1099,1
1100,1
1101,1
1102,1
1103,0
1104,0
1105,1
1106,0
1107,0
1108,0
1109,1
1110,0
1111,0
1112,1
1113,1
1114,1
1115,1
1116,0
1117,0
1118,0
1119,0
1120,1
1121,0
1122,1
1123,1
1124,0
1125,0
1126,1
1127,0
1128,0
1129,1
1130,0
1131,1
1132,0
1133,0
1134,0
1135,0
1136,1
1137,1
1138,1
1139,1
1140,0
1141,1
1142,0
1143,1
1144,1
1145,0
1146,1
1147,1
1148,0
1149,1
1150,0
1151,1
1152,1
1153,1
1154,0
1155,0
1156,1
1157,1
1158,0
1159,1
1160,1
1161,0
1162,1
1163,1
1164,0
1165,0
1166,1
1167,0
1168,1
1169,1
1170,1
1171,1
1172,1
1173,0
1174,1
1175,1
1176,0
1177,1
1178,0
1179,0
1180,0
1181,1
1182,0
1183,1
1184,1
1185,0
1186,1
1187,0
1188,0
1189,1
1190,1
1191,1
1192,0
1193,1
1194,1
1195,1
1196,1
1197,0
1198,1
1199,1
1200,0
1201,0
1202,1
1203,1
1204,1
1205,0
1206,1
1207,1
1208,0
1209,1
1210,1
1211,1
1212,1
1213,1
1214,1
1215,1
1216,1
1217,0
1218,0
1219,0
1220,1
1221,0
1222,0
1223,1
1224,1
1225,1
1226,1
1227,0
1228,0
1229,1
1230,1
1231,0
1232,0
1233,1
1234,1
1235,1
1236,1
1237,1
1238,1
1239,0
1240,1
1241,0
1242,1
1243,0
1244,1
1245,0
1246,0
1247,1
1248,1
1249,1
1250,0
1251,1
1252,1
1253,0
1254,0
1255,1
1256,0
1257,1
1258,0
1259,1
1260,1
1261,1
1262,1
1263,1
1264,0
1265,1
1266,1
1267,0
1268,0
1269,0
1270,0
1271,0
1272,0
1273,0
1274,0
1275,1
1276,0
1277,1
1278,1
1279,0
1280,1
1281,1
1282,0
1283,1
1284,1
1285,1
1286,1
1287,1
1288,0
1289,1
1290,1
1291,0
1292,1
1293,1
1294,1
1295,0
1296,0
1297,1
1298,1
1299,0
1300,1
1301,1
1302,1
1303,1
1304,1
1305,1
1306,0
1307,0
1308,0
1309,1
1310,0
1311,1
1312,0
1313,1
1314,0
1315,1
1316,1
1317,1
1318,0
1319,1
1320,1
1321,1
1322,0
1323,1
1324,0
1325,1
1326,1
1327,1
1328,0
1329,1
1330,0
1331,1
1332,0
1333,1
1334,0
1335,1
1336,0
1337,1
1338,0
1339,1
1340,1
1341,1
1342,1
1343,0
1344,1
1345,1
1346,0
1347,1
1348,0
1349,1
1350,1
1351,1
1352,1
1353,1
1354,0
1355,1
1356,1
1357,1
1358,1
1359,1
1360,1
1361,0
1362,0
1363,1
1364,1
1365,0
1366,1
1367,1
1368,0
1369,0
1370,1
1371,1
1372,0
1373,1
1374,0
1375,1
1376,1
1377,1
1378,0
1379,0
1380,1
1381,0
1382,0
1383,0
1384,1
1385,1
1386,0
1387,1
1388,1
1389,0
1390,1
1391,1
1392,1
1393,1
1394,0
1395,0
1396,1
1397,0
1398,0
1399,1
1400,0
1401,1
1402,1
1403,0
1404,1
1405,1
1406,1
1407,1
1408,1
1409,1
1410,1
1411,1
1412,0
1413,1
1414,1
1415,0
1416,1
1417,1
1418,1
1419,1
1420,1
1421,0
1422,1
1423,0
1424,1
1425,1
1426,0
1427,1
1428,1
1429,1
1430,0
1431,1
1432,1
1433,1
1434,1
1435,1
1436,0
1437,0
1438,1
1439,0
1440,1
1441,0
1442,0
1443,1
1444,1
1445,1
1446,1
1447,0
1448,1
1449,1
1450,1
1451,1
1452,1
1453,0
1454,1
1455,0
1456,1
1457,0
1458,0
1459,0
1460,1
1461,1
1462,0
1463,1
1464,1
1465,0
1466,0
1467,1
1468,1
1469,0
1470,1
1471,1
1472,0
1473,1
1474,1
1475,1
1476,1
1477,1
1478,1
1479,1
1480,1
1481,0
1482,1
1483,1
1484,1
1485,1
1486,0
1487,1
1488,0
1489,0
1490,1
1491,0
1492,0
1493,1
1494,0
1495,1
1496,1
1497,0
1498,1
1499,0
1500,1
1501,1
1502,1
1503,1
1504,1
1505,0
1506,0
1507,1
1508,1
1509,0
1510,0
1511,0
1512,0
1513,0
1514,1
1515,1
1516,0
1517,1
1518,1
1519,1
1520,1
1521,1
1522,0
1523,0
1524,0
1525,1
1526,0
1527,1
1528,1
1529,1
1530,1
1531,0
1532,1
1533,1
1534,0
1535,1
1536,1
1537,0
1538,1
1539,1
1540,1
1541,0
1542,1
1543,0
1544,1
1545,1
1546,0
1547,1
1548,0
1549,1
1550,0
1551,1
1552,0
1553,1
1554,1
1555,1
1556,1
1557,1
1558,1
1559,1
1560,0
1561,0
1562,1
1563,1
1564,1
1565,0
1566,1
1567,1
1568,0
1569,0
1570,0
1571,1
1572,1
1573,1
1574,0
1575,0
1576,1
1577,1
1578,0
1579,1
1580,0
1581,1
1582,1
1583,1
1584,1
1585,1
1586,1
1587,1
1588,1
1589,1
1590,1
1591,1
1592,0
1593,0
1594,1
1595,1
1596,1
1597,1
1598,1
1599,1
1600,1
1601,1
1602,1
1603,1
1604,0
1605,1
1606,1
1607,1
1608,1
1609,1
1610,1
1611,1
1612,0
1613,0
1614,0
1615,1
1616,0
1617,1
1618,1
1619,1
1620,0
1621,1
1622,0
1623,1
1624,0
1625,1
1626,1
1627,1
1628,0
1629,0
1630,1
1631,0
1632,1
1633,1
1634,1
1635,1
1636,0
1637,1
1638,1
1639,1
1640,0
1641,0
1642,1
1643,1
1644,0
1645,1
1646,1
1647,1
1648,1
1649,1
1650,0
1651,0
1652,1
1653,0
1654,0
1655,0
1656,1
1657,1
1658,1
1659,1
1660,1
1661,1
1662,0
1663,1
1664,1
1665,0
1666,1
1667,1
1668,1
1669,0
1670,1
1671,0
1672,1
1673,0
1674,0
1675,1
1676,0
1677,1
1678,1
1679,0
1680,0
1681,1
1682,1
1683,0
1684,0
1685,1
1686,1
1687,0
1688,1
1689,0
1690,1
1691,0
1692,1
1693,1
1694,0
1695,1
1696,0
1697,0
1698,0
1699,1
1700,1
1701,1
1702,1
1703,1
1704,0
1705,0
1706,1
1707,1
1708,1
1709,1
1710,1
1711,1
1712,1
1713,0
1714,1
1715,0
1716,1
1717,0
1718,1
1719,0
1720,1
1721,1
1722,0
1723,1
1724,1
1725,1
1726,0
1727,0
1728,1
1729,1
1730,1
1731,1
1732,1
1733,0
1734,0
1735,1
1736,1
1737,1
1738,0
1739,0
1740,0
1741,0
1742,0
1743,1
1744,0
1745,0
1746,1
1747,1
1748,0
1749,0
1750,1
1751,1
1752,1
1753,1
1754,0
1755,0
1756,1
1757,1
1758,1
1759,1
1760,0
1761,1
1762,1
1763,0
1764,1
1765,1
1766,1
1767,1
1768,1
1769,0
1770,1
1771,0
1772,0
1773,0
1774,1
1775,1
1776,1
1777,1
1778,1
1779,0
1780,0
1781,1
1782,0
1783,1
1784,1
1785,1
1786,1
1787,1
1788,1
1789,1
1790,0
1791,0
1792,1
1793,1
1794,1
1795,1
1796,0
1797,1
1798,1
1799,1
1800,1
1801,0
1802,1
1803,0
1804,0
1805,1
1806,1
1807,1
1808,1
1809,1
1810,0
1811,0
1812,1
1813,0
1814,0
1815,1
1816,1
1817,1
1818,1
1819,1
1820,0
1821,1
1822,1
1823,0
1824,0
1825,0
1826,1
1827,1
1828,1
1829,0
1830,0
1831,1
1832,0
1833,0
1834,0
1835,0
1836,0
1837,0
1838,0
1839,1
1840,0
1841,0
1842,1
1843,1
1844,1
1845,1
1846,0
1847,1
1848,0
1849,1
1850,1
1851,0
1852,0
1853,1
1854,0
1855,1
1856,1
1857,1
1858,0
1859,1
1860,1
1861,0
1862,1
1863,0
1864,1
1865,1
1866,1
1867,0
1868,0
1869,1
1870,1
1871,1
1872,0
1873,0
1874,0
1875,0
1876,1
1877,1
1878,1
1879,1
1880,1
1881,1
1882,0
1883,0
1884,1
1885,0
1886,0
1887,0
1888,0
1889,0
1890,1
1891,1
1892,1
1893,1
1894,0
1895,1
1896,1
1897,0
1898,0
1899,0
1900,0
1901,0
1902,1
1903,1
1904,0
1905,0
1906,1
1907,1
1908,1
1909,0
1910,1
1911,1
1912,0
1913,0
1914,0
1915,0
1916,0
1917,0
1918,1
1919,0
1920,1
1921,1
1922,0
1923,0
1924,1
1925,1
1926,0
1927,1
1928,1
1929,1
1930,0
1931,0
1932,1
1933,1
1934,1
1935,0
1936,0
1937,0
1938,1
1939,1
1940,0
1941,0
1942,0
1943,1
1944,0
1945,0
1946,0
1947,1
1948,1
1949,1
1950,1
1951,1
1952,0
1953,0
1954,0
1955,1
1956,1
1957,1
1958,1
1959,1
1960,0
1961,1
1962,1
1963,1
1964,1
1965,1
1966,1
1967,0
1968,0
1969,1
1970,0
1971,1
1972,0
1973,1
1974,1
1975,1
1976,1
1977,0
1978,1
1979,0
1980,0
1981,0
1982,1
1983,1
1984,1
1985,0
1986,0
1987,0
1988,0
1989,1
1990,1
1991,0
1992,0
1993,0
1994,1
1995,1
1996,1
1997,1
1998,1
1999,0
2000,0
2001,0
2002,0
2003,1
2004,1
2005,0
2006,1
2007,0
2008,1
2009,1
2010,0
2011,1
2012,1
2013,1
2014,1
2015,1
2016,0
2017,1
2018,0
2019,0
2020,1
2021,1
2022,0
2023,1
2024,1
2025,1
2026,0
2027,1
2028,1
2029,1
2030,0
2031,1
2032,1
2033,1
2034,1
2035,1
2036,1
2037,0
2038,0
2039,1
2040,1
2041,1
2042,1
2043,0
2044,1
2045,1
2046,0
2047,1
2048,1
2049,0
2050,0
2051,1
2052,1
2053,1
2054,1
2055,0
2056,1
2057,1
2058,1
2059,0
2060,1
2061,0
2062,1
2063,0
2064,0
2065,1
2066,1
2067,1
2068,1
2069,1
2070,1
2071,0
2072,1
2073,1
2074,1
2075,1
2076,0
2077,0
2078,1
2079,0
2080,1
2081,1
2082,1
2083,0
2084,0
2085,1
2086,1
2087,1
2088,1
2089,1
2090,1
2091,1
2092,1
2093,0
2094,0
2095,1
2096,1
2097,1
2098,1
2099,0
2100,1
2101,1
2102,1
2103,0
2104,1
2105,1
2106,1
2107,1
2108,1
2109,1
2110,0
2111,1
2112,1
2113,1
2114,1
2115,0
2116,1
2117,1
2118,0
2119,1
2120,1
2121,0
2122,1
2123,1
2124,0
2125,0
2126,1
2127,1
2128,1
2129,1
2130,1
2131,1
2132,1
2133,0
2134,1
2135,1
2136,1
2137,0
2138,0
2139,1
2140,1
2141,1
2142,1
2143,1
2144,1
2145,1
2146,0
2147,1
2148,1
2149,0
2150,1
2151,1
2152,1
2153,1
2154,0
2155,1
2156,1
2157,1
2158,0
2159,1
2160,1
2161,1
2162,1
2163,0
2164,1
2165,0
2166,0
2167,1
2168,0
2169,1
2170,0
2171,1
2172,1
2173,0
2174,0
2175,1
2176,1
2177,1
2178,1
2179,1
2180,1
2181,0
2182,1
2183,1
2184,0
2185,1
2186,0
2187,0
2188,1
2189,1
2190,1
2191,0
2192,0
2193,1
2194,0
2195,1
2196,1
2197,1
2198,1
2199,1
2200,1
2201,1
2202,1
2203,1
2204,1
2205,1
2206,1
2207,1
2208,1
2209,1
2210,1
2211,0
2212,1
2213,0
2214,0
2215,1
2216,1
2217,1
2218,1
2219,1
2220,1
2221,1
2222,1
2223,1
2224,0
2225,0
2226,0
2227,0
2228,1
2229,1
2230,0
2231,1
2232,0
2233,0
2234,1
2235,1
2236,1
2237,1
2238,0
2239,1
2240,1
2241,1
2242,1
2243,0
2244,0
2245,1
2246,0
2247,1
2248,0
2249,1
2250,1
2251,0
2252,1
2253,0
2254,0
2255,0
2256,1
2257,1
2258,0
2259,0
2260,0
2261,0
2262,0
2263,1
2264,0
2265,0
2266,1
2267,1
2268,1
2269,0
2270,0
2271,1
2272,1
2273,1
2274,0
2275,0
2276,1
2277,1
2278,1
2279,0
2280,0
2281,1
2282,0
2283,1
2284,0
2285,1
2286,0
2287,1
2288,1
2289,1
2290,0
2291,0
2292,0
2293,1
2294,0
2295,1
2296,1
2297,0
2298,1
2299,0
2300,0
2301,1
2302,1
2303,0
2304,1
2305,0
2306,0
2307,1
2308,0
2309,1
2310,0
2311,1
2312,0
2313,1
2314,0
2315,0
2316,0
2317,1
2318,1
2319,1
2320,0
2321,1
2322,0
2323,1
2324,1
2325,0
2326,1
2327,1
2328,0
2329,1
2330,1
2331,0
2332,1
2333,0
2334,1
2335,1
2336,0
2337,0
2338,1
2339,1
2340,1
2341,0
2342,1
2343,0
2344,1
2345,0
2346,1
2347,1
2348,0
2349,1
2350,1
2351,1
2352,0
2353,0
2354,1
2355,0
2356,0
2357,0
2358,0
2359,0
2360,0
2361,0
2362,1
2363,1
2364,0
2365,0
2366,1
2367,1
2368,1
2369,0
2370,1
2371,0
2372,0
2373,1
2374,0
2375,0
2376,1
2377,1
2378,1
2379,0
2380,1
2381,0
2382,1
2383,0
2384,1
2385,0
2386,0
2387,0
2388,1
2389,1
2390,0
2391,1
2392,0
2393,1
2394,0
2395,0
2396,0
2397,1
2398,1
2399,1
2400,0
2401,1
2402,1
2403,1
2404,1
2405,0
2406,1
2407,1
2408,1
2409,0
2410,1
2411,1
2412,1
2413,0
2414,0
2415,1
2416,0
2417,1
2418,1
2419,1
2420,0
2421,1
2422,0
2423,1
2424,1
2425,1
2426,1
2427,1
2428,0
2429,1
2430,0
2431,1
2432,1
2433,1
2434,1
2435,0
2436,1
2437,1
2438,1
2439,1
2440,1
2441,0
2442,1
2443,1
2444,1
2445,0
2446,1
2447,1
2448,0
2449,1
2450,1
2451,1
2452,0
2453,1
2454,1
2455,0
2456,1
2457,1
2458,0
2459,1
2460,1
2461,0
2462,0
2463,1
2464,1
2465,1
2466,1
2467,0
2468,1
2469,1
2470,1
2471,1
2472,1
2473,1
2474,0
2475,0
2476,1
2477,1
2478,0
2479,0
2480,1
2481,0
2482,0
2483,1
2484,1
2485,1
2486,1
2487,1
2488,1
2489,1
2490,1
2491,1
2492,0
2493,1
2494,0
2495,1
2496,1
2497,0
2498,1
2499,0
2500,1
2501,0
2502,1
2503,0
2504,1
2505,0
2506,1
2507,0
2508,1
2509,1
2510,0
2511,1
2512,1
2513,0
2514,0
2515,1
2516,1
2517,1
2518,1
2519,1
2520,0
2521,0
2522,1
2523,1
2524,1
2525,0
2526,0
2527,0
2528,0
2529,0
2530,1
2531,1
2532,0
2533,1
2534,0
2535,1
2536,1
2537,1
2538,0
2539,1
2540,1
2541,0
2542,1
2543,1
2544,1
2545,1
2546,0
2547,1
2548,0
2549,1
2550,1
2551,0
2552,1
2553,1
2554,1
2555,0
2556,0
2557,0
2558,1
2559,1
2560,0
2561,1
2562,1
2563,1
2564,1
2565,1
2566,1
2567,1
2568,1
2569,1
2570,1
2571,1
2572,1
2573,1
2574,1
2575,1
2576,1
2577,1
2578,1
2579,0
2580,1
2581,0
2582,1
2583,1
2584,0
2585,0
2586,1
2587,0
2588,1
2589,1
2590,0
2591,0
2592,1
2593,1
2594,1
2595,1
2596,0
2597,1
2598,0
2599,0
2600,1
2601,0
2602,0
2603,1
2604,1
2605,1
2606,1
2607,1
2608,1
2609,0
2610,1
2611,0
2612,1
2613,1
2614,1
2615,1
2616,0
2617,1
2618,0
2619,1
2620,0
2621,1
2622,1
2623,0
2624,1
2625,1
2626,1
2627,0
2628,1
2629,0
2630,1
2631,0
2632,1
2633,1
2634,0
2635,0
2636,1
2637,1
2638,0
2639,1
2640,1
2641,0
2642,1
2643,1
2644,1
2645,1
2646,0
2647,1
2648,1
2649,0
2650,1
2651,1
2652,0
2653,0
2654,1
2655,1
2656,0
2657,1
2658,1
2659,1
2660,1
2661,1
2662,0
2663,1
2664,0
2665,0
2666,1
2667,0
2668,1
2669,1
2670,1
2671,1
2672,1
2673,1
2674,0
2675,0
2676,1
2677,0
2678,0
2679,0
2680,1
2681,0
2682,1
2683,1
2684,1
2685,1
2686,1
2687,0
2688,1
2689,1
2690,1
2691,1
2692,0
2693,0
2694,1
2695,0
2696,0
2697,0
2698,1
2699,1
2700,1
2701,0
2702,0
2703,1
2704,0
2705,1
2706,0
2707,0
2708,1
2709,1
2710,1
2711,1
2712,1
2713,1
2714,1
2715,1
2716,1
2717,0
2718,1
2719,1
2720,1
2721,1
2722,0
2723,1
2724,0
2725,0
2726,1
2727,0
2728,1
2729,1
2730,1
2731,1
2732,0
2733,1
2734,0
2735,1
2736,1
2737,1
2738,0
2739,1
2740,0
2741,0
2742,0
2743,1
2744,0
2745,0
2746,0
2747,0
2748,0
2749,0
2750,0
2751,1
2752,0
2753,1
2754,0
2755,1
2756,1
2757,1
2758,1
2759,1
2760,0
2761,0
2762,0
2763,1
2764,0
2765,1
2766,1
2767,1
2768,0
2769,1
2770,1
2771,0
2772,0
2773,0
2774,0
2775,0
2776,1
2777,1
2778,1
2779,1
2780,1
2781,1
2782,0
2783,1
2784,1
2785,1
2786,1
2787,1
2788,0
2789,1
2790,1
2791,1
2792,0
2793,1
2794,1
2795,1
2796,1
2797,1
2798,1
2799,1
2800,0
2801,1
2802,1
2803,1
2804,0
2805,1
2806,1
2807,1
2808,1
2809,0
2810,0
2811,1
2812,1
2813,0
2814,1
2815,0
2816,0
2817,1
2818,1
2819,1
2820,1
2821,0
2822,1
2823,1
2824,1
2825,0
2826,1
2827,1
2828,1
2829,0
2830,1
2831,1
2832,1
2833,1
2834,1
2835,0
2836,1
2837,0
2838,0
2839,1
2840,1
2841,1
2842,1
2843,0
2844,1
2845,1
2846,0
2847,0
2848,0
2849,0
2850,0
2851,1
2852,0
2853,1
2854,1
2855,0
2856,0
2857,1
2858,1
2859,1
2860,1
2861,1
2862,1
2863,0
2864,1
2865,1
2866,0
2867,1
2868,1
2869,0
2870,1
2871,1
2872,0
2873,1
2874,1
2875,1
2876,1
2877,1
2878,1
2879,0
2880,1
2881,1
2882,1
2883,1
2884,1
2885,1
2886,1
2887,1
2888,1
2889,0
2890,0
2891,1
2892,0
2893,0
2894,1
2895,1
2896,0
2897,0
2898,1
2899,0
2900,1
2901,0
2902,0
2903,1
2904,0
2905,0
2906,1
2907,0
2908,0
2909,0
2910,1
2911,0
2912,1
2913,0
2914,0
2915,1
2916,0
2917,1
2918,0
2919,1
2920,0
2921,0
2922,0
2923,1
2924,0
2925,0
2926,1
2927,1
2928,1
2929,0
2930,0
2931,1
2932,0
2933,1
2934,0
2935,1
2936,1
2937,1
2938,0
2939,0
2940,1
2941,0
2942,1
2943,1
2944,1
2945,1
2946,0
2947,1
2948,0
2949,1
2950,1
2951,1
2952,1
2953,1
2954,1
2955,0
2956,1
2957,1
2958,1
2959,0
2960,0
2961,0
2962,1
2963,0
2964,1
2965,0
2966,1
2967,0
2968,0
2969,1
2970,0
2971,0
2972,1
2973,1
2974,0
2975,1
2976,1
2977,0
2978,0
2979,0
2980,1
2981,1
2982,0
2983,0
2984,1
2985,1
2986,0
2987,0
2988,1
2989,1
2990,0
2991,0
2992,0
2993,0
2994,1
2995,0
2996,1
2997,0
2998,1
2999,1
3000,1
3001,0
3002,0
3003,0
3004,0
3005,1
3006,0
3007,1
3008,1
3009,1
3010,1
3011,0
3012,1
3013,0
3014,1
3015,1
3016,0
3017,1
3018,0
3019,0
3020,1
3021,0
3022,0
3023,0
3024,0
3025,1
3026,1
3027,0
3028,0
3029,1
3030,1
3031,0
3032,1
3033,0
3034,1
3035,0
3036,0
3037,1
3038,0
3039,1
3040,1
3041,1
3042,1
3043,1
3044,1
3045,0
3046,1
3047,1
3048,0
3049,1
3050,0
3051,1
3052,1
3053,0
3054,1
3055,0
3056,1
3057,0
3058,0
3059,1
3060,1
3061,0
3062,1
3063,1
3064,1
3065,0
3066,1
3067,1
3068,1
3069,1
3070,1
3071,1
3072,1
3073,1
3074,0
3075,1
3076,0
3077,0
3078,1
3079,0
3080,1
3081,1
3082,0
3083,0
3084,0
3085,1
3086,1
3087,1
3088,0
3089,0
3090,1
3091,1
3092,1
3093,0
3094,1
3095,0
3096,0
3097,0
3098,1
3099,0
3100,1
3101,1
3102,1
3103,0
3104,1
3105,1
3106,1
3107,1
3108,1
3109,1
3110,0
3111,0
3112,1
3113,0
3114,0
3115,1
3116,0
3117,0
3118,0
3119,1
3120,0
3121,0
3122,1
3123,1
3124,0
3125,1
3126,1
3127,1
3128,1
3129,1
3130,1
3131,1
3132,1
3133,1
3134,0
3135,1
3136,0
3137,0
3138,0
3139,1
3140,1
3141,1
3142,0
3143,0
3144,1
3145,0
3146,1
3147,0
3148,0
3149,0
3150,1
3151,0
3152,0
3153,1
3154,0
3155,1
3156,0
3157,0
3158,1
3159,1
3160,0
3161,0
3162,0
3163,1
3164,0
3165,0
3166,0
3167,1
3168,0
3169,1
3170,1
3171,0
3172,1
3173,1
3174,0
3175,1
3176,0
3177,1
3178,1
3179,0
3180,1
3181,0
3182,1
3183,0
3184,1
3185,1
3186,1
3187,1
3188,1
3189,0
3190,1
3191,1
3192,1
3193,0
3194,1
3195,0
3196,0
3197,1
3198,0
3199,1
3200,1
3201,0
3202,1
3203,0
3204,0
3205,0
3206,1
3207,1
3208,0
3209,0
3210,1
3211,0
3212,0
3213,1
3214,1
3215,0
3216,1
3217,1
3218,1
3219,1
3220,0
3221,1
3222,0
3223,0
3224,0
3225,1
3226,0
3227,1
3228,1
3229,1
3230,0
3231,1
3232,0
3233,1
3234,1
3235,0
3236,1
3237,1
3238,1
3239,0
3240,1
3241,1
3242,1
3243,0
3244,0
3245,0
3246,0
3247,1
3248,1
3249,1
3250,1
3251,0
3252,1
3253,0
3254,1
3255,0
3256,1
3257,1
3258,0
3259,1
3260,1
3261,1
3262,0
3263,0
3264,0
3265,1
3266,0
3267,0
3268,1
3269,1
3270,0
3271,1
3272,0
3273,1
3274,1
3275,1
3276,1
3277,0
3278,0
3279,0
3280,0
3281,0
3282,0
3283,1
3284,1
3285,1
3286,1
3287,0
3288,0
3289,1
3290,0
3291,0
3292,0
3293,0
3294,1
3295,0
3296,1
3297,0
3298,0
3299,1
3300,1
3301,1
3302,0
3303,1
3304,0
3305,1
3306,1
3307,0
3308,1
3309,1
3310,1
3311,1
3312,1
3313,1
3314,1
3315,1
3316,1
3317,0
3318,1
3319,1
3320,1
3321,1
3322,1
3323,1
3324,0
3325,1
3326,0
3327,1
3328,1
3329,1
3330,1
3331,0
3332,1
3333,0
3334,1
3335,0
3336,1
3337,0
3338,0
3339,0
3340,1
3341,1
3342,0
3343,0
3344,1
3345,1
3346,0
3347,1
3348,1
3349,1
3350,1
3351,1
3352,0
3353,1
3354,0
3355,0
3356,0
3357,1
3358,1
3359,1
3360,1
3361,1
3362,1
3363,0
3364,1
3365,1
3366,0
3367,0
3368,1
3369,0
3370,1
3371,1
3372,0
3373,1
3374,1
3375,0
3376,1
3377,1
3378,1
3379,0
3380,1
3381,0
3382,0
3383,0
3384,1
3385,1
3386,0
3387,1
3388,1
3389,0
3390,1
3391,1
3392,1
3393,0
3394,1
3395,1
3396,0
3397,1
3398,1
3399,1
3400,1
3401,1
3402,1
3403,0
3404,1
3405,1
3406,0
3407,0
3408,1
3409,1
3410,1
3411,0
3412,1
3413,0
3414,1
3415,1
3416,0
3417,1
3418,0
3419,1
3420,0
3421,1
3422,0
3423,0
3424,0
3425,0
3426,1
3427,1
3428,1
3429,1
3430,1
3431,1
3432,1
3433,1
3434,1
3435,1
3436,1
3437,1
3438,1
3439,0
3440,0
3441,0
3442,0
3443,0
3444,1
3445,0
3446,0
3447,0
3448,1
3449,1
3450,0
3451,1
3452,1
3453,1
3454,1
3455,1
3456,0
3457,1
3458,1
3459,1
3460,1
3461,0
3462,1
3463,0
3464,1
3465,1
3466,1
3467,1
3468,1
3469,0
3470,0
3471,0
3472,0
3473,0
3474,0
3475,0
3476,1
3477,1
3478,1
3479,0
3480,1
3481,0
3482,0
3483,1
3484,0
3485,1
3486,0
3487,1
3488,1
3489,0
3490,1
3491,1
3492,0
3493,0
3494,0
3495,1
3496,1
3497,1
3498,1
3499,1
3500,0
3501,0
3502,0
3503,0
3504,0
3505,1
3506,0
3507,1
3508,0
3509,1
3510,1
3511,1
3512,1
3513,0
3514,0
3515,1
3516,0
3517,1
3518,1
3519,1
3520,1
3521,1
3522,0
3523,0
3524,1
3525,0
3526,0
3527,1
3528,1
3529,0
3530,1
3531,0
3532,0
3533,1
3534,0
3535,1
3536,1
3537,1
3538,1
3539,1
3540,1
3541,0
3542,1
3543,1
3544,1
3545,1
3546,0
3547,0
3548,1
3549,0
3550,1
3551,1
3552,1
3553,0
3554,0
3555,1
3556,1
3557,1
3558,0
3559,1
3560,1
3561,0
3562,0
3563,1
3564,0
3565,1
3566,1
3567,0
3568,1
3569,0
3570,1
3571,0
3572,0
3573,0
3574,1
3575,1
3576,0
3577,1
3578,1
3579,1
3580,1
3581,1
3582,1
3583,0
3584,1
3585,1
3586,1
3587,0
3588,0
3589,0
3590,1
3591,1
3592,1
3593,0
3594,1
3595,0
3596,0
3597,1
3598,0
3599,0
3600,0
3601,0
3602,0
3603,0
3604,1
3605,0
3606,1
3607,1
3608,1
3609,1
3610,1
3611,0
3612,1
3613,0
3614,1
3615,0
3616,0
3617,0
3618,0
3619,1
3620,1
3621,1
3622,1
3623,1
3624,0
3625,1
3626,1
3627,1
3628,1
3629,0
3630,0
3631,0
3632,1
3633,1
3634,1
3635,0
3636,1
3637,1
3638,1
3639,1
3640,1
3641,1
3642,0
3643,1
3644,0
3645,0
3646,0
3647,1
3648,0
3649,1
3650,0
3651,0
3652,1
3653,0
3654,1
3655,1
3656,0
3657,1
3658,1
3659,0
3660,0
3661,0
3662,1
3663,1
3664,1
3665,0
3666,0
3667,0
3668,0
3669,1
3670,1
3671,0
3672,0
3673,1
3674,1
3675,1
3676,1
3677,1
3678,1
3679,1
3680,1
3681,1
3682,1
3683,0
3684,0
3685,1
3686,1
3687,1
3688,1
3689,1
3690,0
3691,1
3692,1
3693,0
3694,0
3695,1
3696,1
3697,1
3698,1
3699,0
3700,0
3701,1
3702,0
3703,1
3704,0
3705,1
3706,1
3707,0
3708,0
3709,0
3710,1
3711,1
3712,0
3713,1
3714,1
3715,1
3716,1
3717,1
3718,1
3719,0
3720,0
3721,1
3722,0
3723,1
3724,1
3725,1
3726,0
3727,0
3728,1
3729,0
3730,0
3731,0
3732,0
3733,1
3734,1
3735,0
3736,1
3737,0
3738,0
3739,1
3740,1
3741,1
3742,0
3743,1
3744,1
3745,0
3746,0
3747,1
3748,1
3749,1
3750,0
3751,1
3752,1
3753,0
3754,1
3755,1
3756,1
3757,1
3758,0
3759,1
3760,0
3761,1
3762,1
3763,0
3764,1
3765,1
3766,1
3767,1
3768,1
3769,0
3770,1
3771,0
3772,0
3773,0
3774,1
3775,1
3776,1
3777,1
3778,1
3779,0
3780,1
3781,1
3782,1
3783,1
3784,1
3785,0
3786,0
3787,1
3788,1
3789,0
3790,0
3791,0
3792,1
3793,1
3794,0
3795,1
3796,0
3797,1
3798,1
3799,0
3800,0
3801,0
3802,0
3803,0
3804,1
3805,0
3806,0
3807,1
3808,1
3809,1
3810,0
3811,1
3812,1
3813,0
3814,1
3815,1
3816,0
3817,1
3818,1
3819,1
3820,0
3821,0
3822,1
3823,0
3824,0
3825,0
3826,1
3827,0
3828,0
3829,0
3830,1
3831,1
3832,0
3833,0
3834,0
3835,1
3836,0
3837,0
3838,0
3839,1
3840,1
3841,0
3842,1
3843,0
3844,1
3845,1
3846,1
3847,1
3848,1
3849,1
3850,0
3851,0
3852,1
3853,0
3854,0
3855,0
3856,0
3857,1
3858,1
3859,0
3860,1
3861,1
3862,0
3863,0
3864,1
3865,0
3866,1
3867,1
3868,1
3869,1
3870,1
3871,1
3872,1
3873,1
3874,1
3875,1
3876,1
3877,1
3878,1
3879,1
3880,0
3881,0
3882,1
3883,1
3884,1
3885,1
3886,0
3887,1
3888,1
3889,1
3890,1
3891,0
3892,1
3893,0
3894,1
3895,1
3896,0
3897,1
3898,0
3899,0
3900,1
3901,1
3902,0
3903,0
3904,1
3905,1
3906,1
3907,1
3908,1
3909,0
3910,1
3911,1
3912,1
3913,0
3914,1
3915,0
3916,1
3917,0
3918,1
3919,1
3920,0
3921,0
3922,1
3923,1
3924,0
3925,1
3926,1
3927,0
3928,1
3929,1
3930,1
3931,0
3932,0
3933,1
3934,1
3935,0
3936,1
3937,1
3938,1
3939,0
3940,1
3941,1
3942,1
3943,1
3944,0
3945,0
3946,0
3947,0
3948,1
3949,0
3950,1
3951,0
3952,1
3953,0
3954,0
3955,1
3956,1
3957,1
3958,0
3959,1
3960,1
3961,0
3962,0
3963,1
3964,1
3965,1
3966,0
3967,0
3968,0
3969,0
3970,0
3971,1
3972,1
3973,0
3974,1
3975,1
3976,0
3977,0
3978,1
3979,1
3980,0
3981,0
3982,1
3983,1
3984,1
3985,0
3986,1
3987,0
3988,0
3989,1
3990,1
3991,1
3992,0
3993,1
3994,1
3995,0
3996,1
3997,1
3998,1
3999,1
4000,0
4001,1
4002,0
4003,0
4004,0
4005,1
4006,1
4007,1
4008,1
4009,0
4010,0
4011,0
4012,0
4013,1
4014,0
4015,0
4016,1
4017,0
4018,1
4019,0
4020,1
4021,0
4022,0
4023,0
4024,1
4025,1
4026,0
4027,1
4028,1
4029,1
4030,0
4031,0
4032,0
4033,0
4034,1
4035,0
4036,1
4037,0
4038,1
4039,1
4040,1
4041,1
4042,1
4043,1
4044,0
4045,1
4046,1
4047,1
4048,1
4049,1
4050,1
4051,0
4052,1
4053,0
4054,1
4055,0
4056,1
4057,0
4058,1
4059,0
4060,1
4061,1
4062,0
4063,0
4064,1
4065,0
4066,0
4067,1
4068,1
4069,1
4070,0
4071,0
4072,1
4073,1
4074,1
4075,1
4076,1
4077,0
4078,1
4079,1
4080,1
4081,0
4082,1
4083,1
4084,1
4085,0
4086,1
4087,1
4088,1
4089,1
4090,1
4091,1
4092,0
4093,0
4094,1
4095,0
4096,1
4097,1
4098,1
4099,0
4100,1
4101,0
4102,1
4103,0
4104,1
4105,0
4106,1
4107,1
4108,1
4109,0
4110,1
4111,1
4112,0
4113,0
4114,1
4115,1
4116,1
4117,0
4118,1
4119,0
4120,0
4121,0
4122,0
4123,0
4124,1
4125,1
4126,1
4127,1
4128,1
4129,1
4130,0
4131,0
4132,0
4133,1
4134,0
4135,1
4136,0
4137,1
4138,1
4139,0
4140,1
4141,0
4142,1
4143,0
4144,0
4145,1
4146,1
4147,0
4148,0
4149,0
4150,1
4151,1
4152,1
4153,1
4154,1
4155,1
4156,0
4157,1
4158,1
4159,0
4160,1
4161,0
4162,0
4163,1
4164,0
4165,0
4166,1
4167,1
4168,0
4169,0
4170,0
4171,0
4172,0
4173,1
4174,0
4175,0
4176,1
4177,0
4178,1
4179,0
4180,0
4181,1
4182,1
4183,1
4184,0
4185,1
4186,1
4187,1
4188,0
4189,1
4190,1
4191,1
4192,0
4193,1
4194,0
4195,1
4196,0
4197,1
4198,0
4199,1
4200,1
4201,1
4202,0
4203,0
4204,1
4205,0
4206,1
4207,1
4208,1
4209,0
4210,1
4211,1
4212,0
4213,0
4214,1
4215,1
4216,1
4217,1
4218,0
4219,0
4220,1
4221,0
4222,0
4223,0
4224,1
4225,0
4226,1
4227,0
4228,0
4229,1
4230,0
4231,1
4232,0
4233,1
4234,0
4235,1
4236,0
4237,1
4238,1
4239,0
4240,1
4241,1
4242,0
4243,0
4244,0
4245,1
4246,0
4247,0
4248,1
4249,0
4250,0
4251,1
4252,1
4253,1
4254,1
4255,1
4256,0
4257,1
4258,0
4259,0
4260,0
4261,1
4262,1
4263,1
4264,1
4265,0
4266,1
4267,1
4268,1
4269,0
4270,0
4271,0
4272,0
4273,0
4274,0
4275,1
4276,1
4277,0
4278,1
4279,1
4280,1
4281,0
4282,0
4283,0
4284,1
4285,0
4286,1
4287,0
4288,1
4289,0
4290,0
4291,1
4292,0
4293,1
4294,1
4295,0
4296,0
4297,1
4298,1
4299,0
4300,1
4301,1
4302,1
4303,0
4304,0
4305,1
4306,1
4307,0
4308,0
4309,0
4310,1
4311,1
4312,1
4313,1
4314,1
4315,1
4316,1
4317,1
4318,0
4319,1
4320,1
4321,0
4322,0
4323,1
4324,1
4325,1
4326,1
4327,0
4328,0
4329,1
4330,1
4331,1
4332,1
4333,0
4334,1
4335,1
4336,1
4337,0
4338,1
4339,1
4340,0
4341,1
4342,1
4343,1
4344,1
4345,1
4346,1
4347,1
4348,1
4349,0
4350,1
4351,1
4352,1
4353,0
4354,0
4355,1
4356,1
4357,1
4358,1
4359,1
4360,0
4361,0
4362,1
4363,1
4364,0
4365,1
4366,0
4367,1
4368,0
4369,0
4370,1
4371,1
4372,1
4373,1
4374,1
4375,1
4376,1
4377,0
4378,1
4379,0
4380,0
4381,0
4382,0
4383,1
4384,1
4385,1
4386,1
4387,0
4388,1
4389,1
4390,0
4391,1
4392,1
4393,1
4394,1
4395,1
4396,0
4397,1
4398,0
4399,0
4400,1
4401,1
4402,0
4403,1
4404,1
4405,1
4406,1
4407,1
4408,1
4409,0
4410,1
4411,1
4412,1
4413,1
4414,1
4415,0
4416,1
4417,1
4418,0
4419,1
4420,0
4421,0
4422,1
4423,0
4424,1
4425,1
4426,1
4427,1
4428,1
4429,1
4430,1
4431,0
4432,1
4433,0
4434,0
4435,1
4436,0
4437,1
4438,0
4439,0
4440,0
4441,1
4442,1
4443,1
4444,0
4445,1
4446,1
4447,1
4448,0
4449,0
4450,0
4451,0
4452,0
4453,1
4454,1
4455,0
4456,0
4457,1
4458,0
4459,0
4460,1
4461,1
4462,1
4463,1
4464,1
4465,1
4466,1
4467,1
4468,1
4469,0
4470,0
4471,1
4472,0
4473,1
4474,1
4475,1
4476,1
4477,1
4478,0
4479,1
4480,0
4481,1
4482,1
4483,1
4484,0
4485,0
4486,0
4487,1
4488,1
4489,0
4490,1
4491,1
4492,0
4493,1
4494,1
4495,0
4496,1
4497,1
4498,0
4499,1
4500,1
4501,1
4502,1
4503,1
4504,1
4505,0
4506,1
4507,0
4508,1
4509,1
4510,0
4511,1
4512,1
4513,0
4514,1
4515,1
4516,0
4517,0
4518,1
4519,1
4520,1
4521,1
4522,0
4523,1
4524,0
4525,1
4526,0
4527,0
4528,1
4529,0
4530,0
4531,0
4532,0
4533,1
4534,1
4535,0
4536,0
4537,1
4538,1
4539,1
4540,1
4541,1
4542,0
4543,0
4544,0
4545,0
4546,0
4547,0
4548,1
4549,1
4550,1
4551,1
4552,0
4553,0
4554,1
4555,0
4556,0
4557,1
4558,0
4559,0
4560,0
4561,0
4562,1
4563,0
4564,1
4565,0
4566,1
4567,1
4568,0
4569,0
4570,1
4571,1
4572,0
4573,1
4574,1
4575,1
4576,1
4577,1
4578,0
4579,1
4580,1
4581,0
4582,1
4583,1
4584,0
4585,0
4586,1
4587,1
4588,1
4589,1
4590,0
4591,1
4592,1
4593,1
4594,1
4595,1
4596,0
4597,0
4598,1
4599,1
4600,1
4601,0
4602,0
4603,1
4604,1
4605,0
4606,0
4607,0
4608,0
4609,0
4610,1
4611,1
4612,0
4613,1
4614,1
4615,1
4616,0
4617,0
4618,1
4619,1
4620,0
4621,0
4622,1
4623,1
4624,1
4625,1
4626,0
4627,1
4628,0
4629,0
4630,0
4631,1
4632,1
4633,1
4634,1
4635,0
4636,0
4637,0
4638,1
4639,1
4640,0
4641,1
4642,1
4643,0
4644,1
4645,1
4646,0
4647,1
4648,1
4649,1
4650,1
4651,1
4652,0
4653,0
4654,1
4655,1
4656,1
4657,1
4658,0
4659,1
4660,0
4661,1
4662,1
4663,0
4664,1
4665,0
4666,0
4667,1
4668,0
4669,1
4670,0
4671,1
4672,1
4673,1
4674,1
4675,1
4676,1
4677,0
4678,0
4679,0
4680,1
4681,1
4682,1
4683,0
4684,1
4685,0
4686,1
4687,0
4688,1
4689,1
4690,1
4691,1
4692,1
4693,0
4694,1
4695,1
4696,1
4697,1
4698,1
4699,1
4700,1
4701,1
4702,1
4703,1
4704,1
4705,1
4706,1
4707,0
4708,1
4709,1
4710,1
4711,1
4712,0
4713,1
4714,0
4715,1
4716,1
4717,1
4718,0
4719,1
4720,0
4721,0
4722,1
4723,0
4724,1
4725,1
4726,1
4727,0
4728,0
4729,0
4730,1
4731,1
4732,1
4733,0
4734,1
4735,1
4736,0
4737,0
4738,0
4739,1
4740,1
4741,0
4742,1
4743,0
4744,0
4745,1
4746,0
4747,1
4748,1
4749,0
4750,1
4751,0
4752,1
4753,0
4754,0
4755,0
4756,1
4757,1
4758,1
4759,0
4760,1
4761,1
4762,1
4763,1
4764,0
4765,0
4766,1
4767,1
4768,1
4769,0
4770,1
4771,0
4772,1
4773,1
4774,1
4775,0
4776,0
4777,0
4778,1
4779,0
4780,1
4781,0
4782,1
4783,0
4784,1
4785,0
4786,1
4787,1
4788,0
4789,0
4790,1
4791,1
4792,1
4793,0
4794,1
4795,1
4796,1
4797,1
4798,1
4799,0
4800,0
4801,1
4802,1
4803,1
4804,0
4805,0
4806,1
4807,0
4808,1
4809,1
4810,1
4811,1
4812,0
4813,1
4814,0
4815,1
4816,1
4817,1
4818,0
4819,0
4820,1
4821,1
4822,0
4823,0
4824,1
4825,1
4826,1
4827,1
4828,1
4829,1
4830,1
4831,1
4832,0
4833,1
4834,1
4835,1
4836,1
4837,1
4838,1
4839,0
4840,1
4841,0
4842,1
4843,0
4844,0
4845,0
4846,1
4847,1
4848,1
4849,1
4850,0
4851,0
4852,1
4853,0
4854,1
4855,1
4856,0
4857,0
4858,1
4859,0
4860,1
4861,1
4862,1
4863,1
4864,1
4865,0
4866,0
4867,0
4868,1
4869,0
4870,0
4871,1
4872,0
4873,1
4874,1
4875,1
4876,0
4877,1
4878,0
4879,1
4880,1
4881,0
4882,1
4883,1
4884,1
4885,0
4886,1
4887,0
4888,0
4889,1
4890,1
4891,1
4892,1
4893,1
4894,1
4895,1
4896,1
4897,0
4898,1
4899,1
4900,1
4901,1
4902,1
4903,1
4904,1
4905,1
4906,0
4907,1
4908,0
4909,1
4910,1
4911,1
4912,1
4913,0
4914,1
4915,1
4916,1
4917,0
4918,1
4919,1
4920,0
4921,0
4922,1
4923,0
4924,1
4925,0
4926,1
4927,0
4928,0
4929,0
4930,0
4931,0
4932,1
4933,1
4934,0
4935,1
4936,1
4937,1
4938,1
4939,1
4940,0
4941,1
4942,0
4943,1
4944,0
4945,1
4946,0
4947,0
4948,0
4949,1
4950,0
4951,0
4952,1
4953,1
4954,1
4955,0
4956,1
4957,1
4958,0
4959,0
4960,1
4961,0
4962,0
4963,1
4964,0
4965,1
4966,1
4967,0
4968,0
4969,1
4970,0
4971,1
4972,1
4973,0
4974,1
4975,1
4976,1
4977,1
4978,1
4979,0
4980,1
4981,1
4982,1
4983,0
4984,1
4985,0
4986,1
4987,1
4988,1
4989,1
4990,1
4991,1
4992,1
4993,1
4994,1
4995,0
4996,1
4997,0
4998,0
4999,1
5000,1
5001,1
5002,1
5003,1
5004,0
5005,1
5006,0
5007,0
5008,1
5009,1
5010,0
5011,1
5012,1
5013,1
5014,0
5015,0
5016,0
5017,0
5018,1
5019,1
5020,1
5021,0
5022,0
5023,0
5024,1
5025,1
5026,1
5027,1
5028,1
5029,1
5030,1
5031,1
5032,1
5033,1
5034,0
5035,1
5036,1
5037,0
5038,0
5039,1
5040,1
5041,1
5042,1
5043,0
5044,1
5045,0
5046,1
5047,0
5048,1
5049,0
5050,1
5051,0
5052,1
5053,1
5054,1
5055,1
5056,1
5057,0
5058,1
5059,0
5060,0
5061,1
5062,0
5063,1
5064,1
5065,0
5066,0
5067,1
5068,0
5069,0
5070,1
5071,1
5072,1
5073,1
5074,1
5075,1
5076,0
5077,1
5078,1
5079,1
5080,0
5081,1
5082,1
5083,0
5084,0
5085,0
5086,0
5087,0
5088,1
5089,0
5090,0
5091,1
5092,1
5093,1
5094,0
5095,1
5096,1
5097,0
5098,0
5099,0
5100,1
5101,1
5102,1
5103,0
5104,1
5105,0
5106,0
5107,0
5108,1
5109,0
5110,0
5111,1
5112,1
5113,1
5114,0
5115,1
5116,1
5117,1
5118,1
5119,0
5120,0
5121,1
5122,0
5123,1
5124,1
5125,1
5126,0
5127,1
5128,0
5129,0
5130,1
5131,1
5132,1
5133,1
5134,0
5135,1
5136,0
5137,1
5138,1
5139,0
5140,0
5141,0
5142,1
5143,1
5144,0
5145,1
5146,1
5147,1
5148,1
5149,0
5150,1
5151,1
5152,1
5153,0
5154,1
5155,0
5156,1
5157,0
5158,0
5159,1
5160,1
5161,1
5162,0
5163,1
5164,1
5165,1
5166,1
5167,1
5168,0
5169,0
5170,0
5171,1
5172,1
5173,1
5174,0
5175,1
5176,0
5177,1
5178,1
5179,0
5180,1
5181,1
5182,0
5183,1
5184,1
5185,1
5186,0
5187,1
5188,1
5189,0
5190,0
5191,1
5192,1
5193,0
5194,1
5195,0
5196,1
5197,1
5198,1
5199,1
5200,0
5201,1
5202,1
5203,1
5204,1
5205,1
5206,1
5207,0
5208,0
5209,1
5210,1
5211,0
5212,0
5213,1
5214,1
5215,0
5216,0
5217,0
5218,1
5219,0
5220,1
5221,0
5222,0
5223,1
5224,1
5225,0
5226,1
5227,0
5228,1
5229,1
5230,0
5231,1
5232,1
5233,1
5234,0
5235,0
5236,1
5237,1
5238,0
5239,0
5240,1
5241,0
5242,1
5243,0
5244,1
5245,0
5246,1
5247,1
5248,1
5249,0
5250,1
5251,0
5252,1
5253,1
5254,1
5255,1
5256,0
5257,1
5258,1
5259,0
5260,0
5261,1
5262,1
5263,1
5264,0
5265,1
5266,1
5267,1
5268,1
5269,1
5270,0
5271,0
5272,1
5273,1
5274,0
5275,1
5276,1
5277,0
5278,1
5279,1
5280,1
5281,1
5282,0
5283,1
5284,1
5285,1
5286,0
5287,1
5288,1
5289,0
5290,1
5291,1
5292,0
5293,1
5294,1
5295,1
5296,0
5297,1
5298,1
5299,1
5300,1
5301,1
5302,1
5303,0
5304,1
5305,0
5306,1
5307,1
5308,0
5309,1
5310,1
5311,1
5312,0
5313,1
5314,1
5315,1
5316,0
5317,0
5318,1
5319,1
5320,1
5321,0
5322,1
5323,0
5324,1
5325,1
5326,0
5327,1
5328,1
5329,1
5330,0
5331,1
5332,0
5333,1
5334,1
5335,1
5336,1
5337,1
5338,1
5339,0
5340,1
5341,0
5342,0
5343,0
5344,0
5345,1
5346,0
5347,1
5348,1
5349,0
5350,1
5351,0
5352,1
5353,0
5354,0
5355,1
5356,1
5357,0
5358,1
5359,0
5360,0
5361,1
5362,1
5363,0
5364,1
5365,0
5366,0
5367,1
5368,1
5369,0
5370,0
5371,1
5372,1
5373,0
5374,1
5375,0
5376,1
5377,1
5378,1
5379,1
5380,1
5381,1
5382,0
5383,0
5384,0
5385,1
5386,1
5387,1
5388,0
5389,1
5390,1
5391,1
5392,0
5393,1
5394,1
5395,1
5396,1
5397,0
5398,0
5399,1
5400,1
5401,1
5402,0
5403,1
5404,1
5405,0
5406,1
5407,1
5408,0
5409,0
5410,0
5411,0
5412,0
5413,1
5414,0
5415,1
5416,1
5417,1
5418,0
5419,1
5420,1
5421,1
5422,0
5423,1
5424,1
5425,1
5426,1
5427,1
5428,1
5429,0
5430,1
5431,1
5432,1
5433,1
5434,1
5435,0
5436,0
5437,1
5438,0
5439,1
5440,1
5441,1
5442,1
5443,1
5444,1
5445,1
5446,0
5447,1
5448,1
5449,1
5450,1
5451,1
5452,0
5453,0
5454,1
5455,1
5456,1
5457,0
5458,1
5459,0
5460,0
5461,1
5462,1
5463,0
5464,0
5465,1
5466,1
5467,1
5468,1
5469,1
5470,1
5471,0
5472,1
5473,0
5474,1
5475,1
5476,1
5477,1
5478,1
5479,1
5480,0
5481,0
5482,1
5483,1
5484,1
5485,1
5486,0
5487,1
5488,0
5489,0
5490,0
5491,1
5492,0
5493,0
5494,1
5495,0
5496,1
5497,1
5498,0
5499,1
5500,1
5501,0
5502,1
5503,1
5504,1
5505,1
5506,1
5507,1
5508,1
5509,0
5510,1
5511,0
5512,1
5513,0
5514,1
5515,1
5516,0
5517,0
5518,0
5519,1
5520,1
5521,0
5522,1
5523,0
5524,1
5525,1
5526,1
5527,1
5528,1
5529,0
5530,0
5531,1
5532,0
5533,0
5534,1
5535,1
5536,0
5537,0
5538,1
5539,1
5540,1
5541,1
5542,0
5543,0
5544,1
5545,1
5546,0
5547,0
5548,1
5549,0
5550,1
5551,0
5552,0
5553,0
5554,1
5555,1
5556,0
5557,1
5558,1
5559,1
5560,1
5561,0
5562,1
5563,1
5564,1
5565,1
5566,0
5567,1
5568,1
5569,1
5570,1
5571,1
5572,0
5573,1
5574,1
5575,0
5576,0
5577,0
5578,0
5579,1
5580,1
5581,0
5582,0
5583,1
5584,1
5585,1
5586,1
5587,0
5588,1
5589,1
5590,0
5591,0
5592,0
5593,0
5594,1
5595,1
5596,0
5597,0
5598,1
5599,0
5600,0
5601,1
5602,1
5603,0
5604,1
5605,1
5606,0
5607,1
5608,0
5609,1
5610,0
5611,1
5612,1
5613,1
5614,0
5615,1
5616,0
5617,1
5618,1
5619,0
5620,1
5621,0
5622,0
5623,0
5624,1
5625,0
5626,1
5627,0
5628,1
5629,1
5630,0
5631,1
5632,1
5633,0
5634,1
5635,0
5636,1
5637,0
5638,0
5639,1
5640,0
5641,1
5642,1
5643,1
5644,1
5645,1
5646,0
5647,0
5648,0
5649,0
5650,1
5651,1
5652,0
5653,1
5654,1
5655,1
5656,0
5657,0
5658,1
5659,0
5660,1
5661,1
5662,1
5663,0
5664,1
5665,1
5666,1
5667,0
5668,1
5669,0
5670,0
5671,1
5672,1
5673,0
5674,1
5675,0
5676,1
5677,1
5678,1
5679,1
5680,1
5681,0
5682,0
5683,1
5684,1
5685,0
5686,1
5687,0
5688,1
5689,1
5690,0
5691,0
5692,1
5693,0
5694,1
5695,1
5696,1
5697,0
5698,1
5699,1
5700,1
5701,1
5702,0
5703,1
5704,0
5705,1
5706,1
5707,1
5708,1
5709,1
5710,1
5711,0
5712,1
5713,0
5714,1
5715,0
5716,0
5717,1
5718,1
5719,1
5720,0
5721,0
5722,1
5723,0
5724,1
5725,1
5726,0
5727,0
5728,1
5729,1
5730,1
5731,1
5732,0
5733,1
5734,1
5735,1
5736,0
5737,1
5738,1
5739,1
5740,1
5741,1
5742,1
5743,0
5744,1
5745,0
5746,1
5747,1
5748,1
5749,0
5750,0
5751,0
5752,1
5753,1
5754,1
5755,0
5756,1
5757,1
5758,1
5759,0
5760,0
5761,1
5762,1
5763,0
5764,1
5765,1
5766,0
5767,0
5768,0
5769,1
5770,0
5771,1
5772,1
5773,1
5774,1
5775,1
5776,1
5777,1
5778,1
5779,1
5780,1
5781,0
5782,0
5783,1
5784,0
5785,0
5786,1
5787,1
5788,1
5789,1
5790,1
5791,0
5792,1
5793,0
5794,1
5795,1
5796,1
5797,0
5798,1
5799,1
5800,0
5801,1
5802,1
5803,1
5804,0
5805,1
5806,0
5807,0
5808,0
5809,0
5810,0
5811,1
5812,0
5813,0
5814,1
5815,1
5816,1
5817,1
5818,0
5819,0
5820,1
5821,1
5822,1
5823,1
5824,0
5825,0
5826,0
5827,0
5828,1
5829,1
5830,0
5831,1
5832,1
5833,0
5834,1
5835,0
5836,1
5837,1
5838,0
5839,0
5840,1
5841,0
5842,1
5843,0
5844,1
5845,0
5846,0
5847,1
5848,0
5849,1
5850,0
5851,0
5852,1
5853,1
5854,0
5855,1
5856,0
5857,0
5858,0
5859,1
5860,1
5861,1
5862,0
5863,0
5864,1
5865,1
5866,1
5867,1
5868,0
5869,0
5870,1
5871,0
5872,1
5873,1
5874,1
5875,1
5876,0
5877,0
5878,1
5879,1
5880,1
5881,0
5882,1
5883,0
5884,1
5885,1
5886,0
5887,0
5888,1
5889,1
5890,1
5891,1
5892,1
5893,0
5894,0
5895,1
5896,0
5897,1
5898,1
5899,1
5900,0
5901,1
5902,0
5903,1
5904,1
5905,1
5906,0
5907,1
5908,0
5909,0
5910,0
5911,1
5912,1
5913,1
5914,0
5915,1
5916,1
5917,1
5918,1
5919,1
5920,0
5921,1
5922,0
5923,0
5924,1
5925,1
5926,0
5927,1
5928,0
5929,1
5930,1
5931,0
5932,1
5933,1
5934,1
5935,0
5936,1
5937,1
5938,0
5939,1
5940,1
5941,1
5942,0
5943,0
5944,0
5945,0
5946,1
5947,1
5948,0
5949,0
5950,1
5951,1
5952,0
5953,0
5954,1
5955,1
5956,1
5957,1
5958,1
5959,0
5960,1
5961,0
5962,0
5963,1
5964,1
5965,1
5966,1
5967,1
5968,1
5969,0
5970,1
5971,0
5972,0
5973,1
5974,1
5975,1
5976,1
5977,0
5978,1
5979,1
5980,0
5981,0
5982,1
5983,1
5984,1
5985,1
5986,0
5987,1
5988,0
5989,1
5990,0
5991,1
5992,1
5993,1
5994,1
5995,1
5996,1
5997,0
5998,1
5999,1
6000,1
6001,0
6002,1
6003,0
6004,1
6005,1
6006,0
6007,0
6008,0
6009,1
6010,1
6011,1
6012,1
6013,0
6014,0
6015,0
6016,1
6017,1
6018,1
6019,0
6020,1
6021,0
6022,0
6023,1
6024,1
6025,1
6026,0
6027,0
6028,1
6029,1
6030,1
6031,1
6032,1
6033,0
6034,1
6035,0
6036,0
6037,1
6038,0
6039,1
6040,1
6041,1
6042,0
6043,1
6044,0
6045,1
6046,1
6047,1
6048,1
6049,0
6050,0
6051,1
6052,1
6053,1
6054,0
6055,0
6056,1
6057,1
6058,0
6059,0
6060,0
6061,1
6062,0
6063,0
6064,1
6065,1
6066,0
6067,1
6068,0
6069,0
6070,1
6071,0
6072,1
6073,0
6074,1
6075,0
6076,0
6077,1
6078,1
6079,1
6080,1
6081,0
6082,1
6083,1
6084,1
6085,1
6086,1
6087,0
6088,1
6089,1
6090,1
6091,1
6092,1
6093,0
6094,1
6095,0
6096,0
6097,1
6098,1
6099,1
6100,1
6101,1
6102,1
6103,0
6104,0
6105,1
6106,1
6107,0
6108,0
6109,1
6110,1
6111,1
6112,1
6113,1
6114,0
6115,1
6116,1
6117,1
6118,0
6119,1
6120,1
6121,1
6122,0
6123,1
6124,0
6125,0
6126,0
6127,0
6128,1
6129,1
6130,0
6131,1
6132,1
6133,0
6134,0
6135,1
6136,1
6137,0
6138,0
6139,0
6140,1
6141,1
6142,1
6143,1
6144,1
6145,0
6146,0
6147,1
6148,0
6149,1
6150,1
6151,0
6152,1
6153,0
6154,1
6155,1
6156,1
6157,1
6158,1
6159,1
6160,0
6161,0
6162,1
6163,0
6164,0
6165,0
6166,1
6167,0
6168,1
6169,1
6170,1
6171,1
6172,0
6173,0
6174,0
6175,1
6176,1
6177,0
6178,0
6179,1
6180,0
6181,0
6182,0
6183,1
6184,0
6185,1
6186,1
6187,1
6188,0
6189,1
6190,1
6191,1
6192,0
6193,1
6194,0
6195,0
6196,0
6197,0
6198,0
6199,0
6200,0
6201,1
6202,1
6203,0
6204,1
6205,1
6206,1
6207,0
6208,1
6209,0
6210,1
6211,1
6212,1
6213,0
6214,1
6215,1
6216,0
6217,0
6218,0
6219,0
6220,0
6221,0
6222,0
6223,0
6224,1
6225,1
6226,0
6227,1
6228,1
6229,0
6230,1
6231,0
6232,1
6233,0
6234,0
6235,1
6236,1
6237,1
6238,1
6239,0
6240,1
6241,1
6242,0
6243,1
6244,0
6245,1
6246,0
6247,1
6248,1
6249,1
6250,1
6251,1
6252,1
6253,0
6254,1
6255,1
6256,1
6257,1
6258,0
6259,0
6260,1
6261,1
6262,0
6263,1
6264,0
6265,1
6266,1
6267,1
6268,1
6269,0
6270,0
6271,0
6272,1
6273,1
6274,1
6275,1
6276,1
6277,1
6278,1
6279,0
6280,0
6281,0
6282,1
6283,1
6284,0
6285,0
6286,1
6287,1
6288,0
6289,1
6290,1
6291,0
6292,0
6293,0
6294,0
6295,1
6296,0
6297,1
6298,0
6299,1
6300,0
6301,1
6302,1
6303,1
6304,1
6305,1
6306,0
6307,1
6308,1
6309,1
6310,0
6311,0
6312,1
6313,1
6314,1
6315,0
6316,0
6317,1
6318,1
6319,1
6320,1
6321,1
6322,1
6323,1
6324,1
6325,1
6326,1
6327,1
6328,1
6329,1
6330,1
6331,1
6332,1
6333,0
6334,0
6335,1
6336,0
6337,1
6338,1
6339,1
6340,0
6341,1
6342,1
6343,1
6344,1
6345,0
6346,0
6347,0
6348,0
6349,0
6350,1
6351,1
6352,1
6353,1
6354,0
6355,1
6356,1
6357,1
6358,0
6359,1
6360,0
6361,1
6362,0
6363,0
6364,0
6365,0
6366,0
6367,1
6368,1
6369,1
6370,0
6371,1
6372,0
6373,1
6374,1
6375,1
6376,1
6377,0
6378,1
6379,0
6380,1
6381,0
6382,0
6383,0
6384,1
6385,1
6386,1
6387,1
6388,1
6389,1
6390,1
6391,0
6392,0
6393,1
6394,1
6395,0
6396,0
6397,1
6398,1
6399,1
6400,0
6401,0
6402,0
6403,0
6404,1
6405,1
6406,0
6407,1
6408,0
6409,1
6410,0
6411,1
6412,1
6413,1
6414,1
6415,0
6416,1
6417,1
6418,1
6419,1
6420,1
6421,1
6422,0
6423,0
6424,1
6425,0
6426,1
6427,1
6428,0
6429,1
6430,1
6431,0
6432,1
6433,1
6434,1
6435,0
6436,1
6437,1
6438,0
6439,0
6440,0
6441,0
6442,1
6443,1
6444,1
6445,1
6446,1
6447,1
6448,1
6449,1
6450,1
6451,0
6452,1
6453,1
6454,0
6455,1
6456,0
6457,0
6458,1
6459,1
6460,0
6461,0
6462,0
6463,1
6464,1
6465,0
6466,1
6467,1
6468,1
6469,1
6470,0
6471,0
6472,0
6473,1
6474,1
6475,0
6476,1
6477,0
6478,1
6479,1
6480,1
6481,0
6482,0
6483,0
6484,0
6485,1
6486,1
6487,1
6488,0
6489,1
6490,1
6491,0
6492,0
6493,1
6494,0
6495,1
6496,1
6497,1
6498,0
6499,1
6500,1
6501,1
6502,1
6503,0
6504,1
6505,1
6506,0
6507,1
6508,0
6509,1
6510,1
6511,1
6512,1
6513,0
6514,0
6515,1
6516,1
6517,1
6518,1
6519,1
6520,0
6521,1
6522,1
6523,0
6524,1
6525,1
6526,1
6527,0
6528,1
6529,1
6530,0
6531,0
6532,1
6533,0
6534,0
6535,1
6536,1
6537,0
6538,0
6539,1
6540,0
6541,1
6542,1
6543,1
6544,1
6545,1
6546,1
6547,1
6548,1
6549,0
6550,0
6551,1
6552,1
6553,1
6554,0
6555,0
6556,0
6557,0
6558,0
6559,0
6560,0
6561,0
6562,0
6563,0
6564,1
6565,1
6566,1
6567,0
6568,0
6569,0
6570,1
6571,0
6572,0
6573,0
6574,1
6575,0
6576,1
6577,1
6578,0
6579,0
6580,0
6581,0
6582,1
6583,0
6584,1
6585,1
6586,1
6587,1
6588,1
6589,0
6590,1
6591,1
6592,1
6593,1
6594,1
6595,1
6596,1
6597,1
6598,0
6599,1
6600,1
6601,1
6602,1
6603,1
6604,1
6605,1
6606,1
6607,1
6608,0
6609,1
6610,1
6611,1
6612,1
6613,1
6614,1
6615,0
6616,1
6617,0
6618,0
6619,0
6620,1
6621,0
6622,0
6623,1
6624,1
6625,0
6626,0
6627,1
6628,1
6629,1
6630,0
6631,0
6632,0
6633,1
6634,1
6635,1
6636,1
6637,0
6638,1
6639,1
6640,0
6641,1
6642,1
6643,1
6644,0
6645,1
6646,1
6647,1
6648,0
6649,1
6650,1
6651,0
6652,1
6653,0
6654,1
6655,1
6656,1
6657,1
6658,1
6659,0
6660,0
6661,0
6662,0
6663,1
6664,1
6665,1
6666,0
6667,1
6668,1
6669,1
6670,0
6671,1
6672,1
6673,1
6674,0
6675,1
6676,1
6677,0
6678,0
6679,1
6680,1
6681,1
6682,1
6683,0
6684,0
6685,1
6686,1
6687,1
6688,0
6689,1
6690,1
6691,1
6692,1
6693,1
6694,1
6695,1
6696,0
6697,1
6698,1
6699,0
6700,0
6701,0
6702,0
6703,1
6704,1
6705,1
6706,1
6707,1
6708,1
6709,1
6710,0
6711,0
6712,0
6713,1
6714,1
6715,1
6716,1
6717,1
6718,1
6719,1
6720,0
6721,1
6722,0
6723,1
6724,1
6725,1
6726,1
6727,0
6728,0
6729,0
6730,0
6731,1
6732,1
6733,1
6734,1
6735,1
6736,1
6737,0
6738,1
6739,0
6740,1
6741,1
6742,1
6743,1
6744,1
6745,0
6746,1
6747,0
6748,1
6749,1
6750,0
6751,1
6752,1
6753,0
6754,1
6755,0
6756,0
6757,0
6758,0
6759,1
6760,0
6761,1
6762,1
6763,0
6764,1
6765,1
6766,1
6767,1
6768,1
6769,1
6770,1
6771,1
6772,1
6773,0
6774,1
6775,1
6776,1
6777,0
6778,1
6779,1
6780,0
6781,1
6782,0
6783,1
6784,0
6785,0
6786,0
6787,0
6788,1
6789,1
6790,0
6791,0
6792,1
6793,1
6794,0
6795,1
6796,1
6797,0
6798,1
6799,1
6800,1
6801,0
6802,1
6803,0
6804,1
6805,1
6806,1
6807,0
6808,0
6809,1
6810,0
6811,1
6812,1
6813,0
6814,0
6815,0
6816,1
6817,0
6818,0
6819,0
6820,1
6821,1
6822,1
6823,0
6824,0
6825,1
6826,1
6827,1
6828,1
6829,0
6830,1
6831,1
6832,1
6833,1
6834,0
6835,1
6836,1
6837,1
6838,1
6839,0
6840,0
6841,0
6842,1
6843,1
6844,1
6845,1
6846,1
6847,1
6848,1
6849,1
6850,0
6851,1
6852,0
6853,1
6854,1
6855,1
6856,1
6857,1
6858,1
6859,1
6860,1
6861,1
6862,1
6863,0
6864,1
6865,1
6866,0
6867,0
6868,1
6869,0
6870,1
6871,1
6872,1
6873,1
6874,1
6875,1
6876,0
6877,0
6878,1
6879,1
6880,1
6881,0
6882,1
6883,0
6884,1
6885,1
6886,0
6887,1
6888,1
6889,0
6890,1
6891,1
6892,1
6893,0
6894,1
6895,1
6896,0
6897,1
6898,0
6899,1
6900,1
6901,0
6902,1
6903,1
6904,1
6905,0
6906,0
6907,0
6908,1
6909,1
6910,0
6911,0
6912,1
6913,1
6914,0
6915,1
6916,0
6917,1
6918,1
6919,1
6920,0
6921,1
6922,0
6923,0
6924,1
6925,1
6926,1
6927,1
6928,1
6929,1
6930,0
6931,1
6932,1
6933,1
6934,0
6935,0
6936,1
6937,1
6938,1
6939,1
6940,0
6941,1
6942,1
6943,0
6944,1
6945,1
6946,0
6947,1
6948,0
6949,1
6950,1
6951,1
6952,0
6953,1
6954,1
6955,1
6956,0
6957,1
6958,0
6959,1
6960,0
6961,1
6962,0
6963,1
6964,1
6965,0
6966,1
6967,1
6968,1
6969,1
6970,0
6971,1
6972,0
6973,1
6974,0
6975,1
6976,1
6977,1
6978,0
6979,1
6980,1
6981,1
6982,0
6983,1
6984,0
6985,1
6986,1
6987,1
6988,0
6989,0
6990,1
6991,0
6992,0
6993,0
6994,0
6995,1
6996,1
6997,0
6998,1
6999,0
7000,0
7001,1
7002,1
7003,1
7004,0
7005,1
7006,1
7007,0
7008,1
7009,1
7010,0
7011,1
7012,0
7013,1
7014,1
7015,1
7016,0
7017,1
7018,0
7019,1
7020,0
7021,0
7022,0
7023,1
7024,1
7025,1
7026,1
7027,1
7028,1
7029,0
7030,0
7031,0
7032,1
7033,0
7034,1
7035,0
7036,1
7037,1
7038,1
7039,1
7040,1
7041,0
7042,1
7043,1
7044,0
7045,0
7046,1
7047,1
7048,1
7049,0
7050,1
7051,1
7052,1
7053,1
7054,0
7055,1
7056,1
7057,0
7058,1
7059,0
7060,1
7061,1
7062,1
7063,1
7064,1
7065,1
7066,1
7067,0
7068,0
7069,0
7070,1
7071,1
7072,1
7073,0
7074,1
7075,1
7076,1
7077,0
7078,0
7079,1
7080,1
7081,0
7082,1
7083,1
7084,0
7085,1
7086,1
7087,1
7088,0
7089,1
7090,1
7091,1
7092,1
7093,1
7094,0
7095,0
7096,0
7097,1
7098,1
7099,1
7100,1
7101,1
7102,1
7103,1
7104,1
7105,0
7106,1
7107,1
7108,0
7109,1
7110,1
7111,1
7112,1
7113,0
7114,0
7115,1
7116,0
7117,1
7118,0
7119,1
7120,0
7121,1
7122,0
7123,1
7124,1
7125,1
7126,0
7127,1
7128,0
7129,1
7130,1
7131,0
7132,1
7133,0
7134,1
7135,0
7136,1
7137,0
7138,0
7139,0
7140,1
7141,0
7142,1
7143,1
7144,1
7145,0
7146,1
7147,1
7148,1
7149,1
7150,0
7151,0
7152,0
7153,1
7154,1
7155,0
7156,1
7157,1
7158,1
7159,1
7160,1
7161,1
7162,1
7163,0
7164,0
7165,1
7166,0
7167,0
7168,1
7169,1
7170,1
7171,1
7172,0
7173,0
7174,1
7175,1
7176,1
7177,0
7178,1
7179,0
7180,0
7181,0
7182,1
7183,0
7184,1
7185,0
7186,0
7187,1
7188,1
7189,0
7190,1
7191,0
7192,1
7193,0
7194,1
7195,1
7196,0
7197,1
7198,1
7199,0
7200,1
7201,1
7202,1
7203,0
7204,0
7205,1
7206,0
7207,1
7208,1
7209,1
7210,1
7211,1
7212,1
7213,1
7214,0
7215,0
7216,1
7217,1
7218,0
7219,1
7220,1
7221,1
7222,1
7223,1
7224,1
7225,0
7226,0
7227,0
7228,0
7229,0
7230,1
7231,1
7232,1
7233,1
7234,0
7235,0
7236,0
7237,1
7238,0
7239,1
7240,1
7241,0
7242,0
7243,1
7244,1
7245,1
7246,1
7247,0
7248,0
7249,0
7250,0
7251,0
7252,1
7253,0
7254,0
7255,0
7256,1
7257,1
7258,0
7259,0
7260,1
7261,1
7262,0
7263,1
7264,0
7265,0
7266,1
7267,1
7268,1
7269,1
7270,0
7271,0
7272,1
7273,0
7274,1
7275,1
7276,1
7277,0
7278,1
7279,1
7280,0
7281,1
7282,0
7283,1
7284,0
7285,1
7286,1
7287,1
7288,1
7289,1
7290,1
7291,1
7292,0
7293,1
7294,1
7295,1
7296,0
7297,0
7298,1
7299,1
7300,0
7301,0
7302,1
7303,0
7304,0
7305,0
7306,0
7307,0
7308,1
7309,0
7310,0
7311,1
7312,1
7313,0
7314,1
7315,0
7316,1
7317,0
7318,1
7319,0
7320,0
7321,0
7322,0
7323,0
7324,1
7325,1
7326,1
7327,1
7328,0
7329,1
7330,1
7331,1
7332,1
7333,1
7334,1
7335,0
7336,1
7337,0
7338,1
7339,1
7340,0
7341,1
7342,0
7343,1
7344,1
7345,1
7346,1
7347,0
7348,1
7349,1
7350,1
7351,1
7352,0
7353,1
7354,1
7355,1
7356,1
7357,1
7358,1
7359,0
7360,1
7361,1
7362,1
7363,1
7364,1
7365,1
7366,1
7367,0
7368,0
7369,0
7370,0
7371,0
7372,1
7373,1
7374,1
7375,1
7376,0
7377,1
7378,0
7379,1
7380,0
7381,0
7382,0
7383,1
7384,0
7385,1
7386,1
7387,1
7388,1
7389,1
7390,1
7391,1
7392,0
7393,0
7394,0
7395,1
7396,0
7397,0
7398,0
7399,1
7400,1
7401,1
7402,1
7403,0
7404,1
7405,1
7406,0
7407,1
7408,0
7409,0
7410,0
7411,1
7412,1
7413,1
7414,1
7415,1
7416,0
7417,1
7418,0
7419,1
7420,1
7421,1
7422,1
7423,1
7424,0
7425,1
7426,1
7427,1
7428,1
7429,1
7430,0
7431,1
7432,1
7433,0
7434,0
7435,0
7436,0
7437,0
7438,0
7439,1
7440,0
7441,1
7442,1
7443,1
7444,1
7445,1
7446,1
7447,1
7448,1
7449,0
7450,1
7451,0
7452,1
7453,0
7454,1
7455,0
7456,1
7457,0
7458,0
7459,1
7460,1
7461,0
7462,1
7463,1
7464,1
7465,1
7466,0
7467,1
7468,1
7469,1
7470,0
7471,0
7472,0
7473,1
7474,1
7475,0
7476,1
7477,0
7478,1
7479,0
7480,0
7481,1
7482,1
7483,0
7484,1
7485,1
7486,1
7487,1
7488,1
7489,0
7490,0
7491,1
7492,0
7493,1
7494,1
7495,1
7496,1
7497,1
7498,1
7499,0
7500,0
7501,1
7502,0
7503,1
7504,1
7505,0
7506,1
7507,1
7508,1
7509,0
7510,1
7511,1
7512,0
7513,0
7514,0
7515,1
7516,1
7517,0
7518,1
7519,0
7520,1
7521,1
7522,1
7523,0
7524,0
7525,0
7526,1
7527,1
7528,0
7529,1
7530,1
7531,1
7532,1
7533,0
7534,0
7535,1
7536,0
7537,1
7538,1
7539,1
7540,0
7541,0
7542,0
7543,1
7544,0
7545,0
7546,1
7547,1
7548,0
7549,1
7550,1
7551,1
7552,1
7553,0
7554,1
7555,1
7556,1
7557,0
7558,0
7559,1
7560,1
7561,1
7562,0
7563,1
7564,1
7565,1
7566,1
7567,1
7568,0
7569,0
7570,1
7571,1
7572,1
7573,1
7574,1
7575,1
7576,1
7577,1
7578,0
7579,0
7580,0
7581,1
7582,0
7583,1
7584,1
7585,1
7586,1
7587,1
7588,1
7589,1
7590,0
7591,1
7592,1
7593,0
7594,0
7595,1
7596,0
7597,0
7598,0
7599,0
7600,0
7601,1
7602,0
7603,1
7604,1
7605,0
7606,0
7607,1
7608,0
7609,0
7610,1
7611,0
7612,0
7613,1
7614,1
7615,0
7616,1
7617,0
7618,1
7619,0
7620,0
7621,1
7622,1
7623,0
7624,1
7625,0
7626,1
7627,0
7628,1
7629,1
7630,0
7631,1
7632,1
7633,1
7634,1
7635,1
7636,1
7637,0
7638,0
7639,0
7640,0
7641,0
7642,0
7643,0
7644,0
7645,0
7646,1
7647,0
7648,1
7649,1
7650,1
7651,1
7652,1
7653,0
7654,0
7655,1
7656,1
7657,0
7658,0
7659,0
7660,0
7661,1
7662,1
7663,0
7664,1
7665,1
7666,1
7667,0
7668,0
7669,0
7670,1
7671,0
7672,1
7673,0
7674,0
7675,1
7676,1
7677,1
7678,1
7679,1
7680,1
7681,1
7682,0
7683,1
7684,1
7685,1
7686,1
7687,0
7688,0
7689,1
7690,1
7691,0
7692,1
7693,1
7694,0
7695,1
7696,1
7697,1
7698,0
7699,1
7700,1
7701,1
7702,1
7703,1
7704,1
7705,0
7706,1
7707,1
7708,1
7709,0
7710,1
7711,0
7712,1
7713,1
7714,1
7715,1
7716,1
7717,1
7718,0
7719,1
7720,0
7721,0
7722,1
7723,1
7724,0
7725,1
7726,0
7727,0
7728,0
7729,0
7730,0
7731,0
7732,0
7733,1
7734,1
7735,1
7736,1
7737,0
7738,1
7739,0
7740,1
7741,1
7742,0
7743,0
7744,1
7745,1
7746,1
7747,1
7748,1
7749,0
7750,1
7751,1
7752,0
7753,1
7754,1
7755,0
7756,1
7757,0
7758,0
7759,1
7760,1
7761,1
7762,1
7763,0
7764,0
7765,0
7766,1
7767,1
7768,1
7769,1
7770,0
7771,1
7772,0
7773,1
7774,1
7775,1
7776,0
7777,1
7778,1
7779,1
7780,0
7781,1
7782,1
7783,1
7784,1
7785,1
7786,1
7787,1
7788,1
7789,0
7790,1
7791,1
7792,0
7793,1
7794,1
7795,0
7796,1
7797,0
7798,1
7799,1
7800,1
7801,0
7802,1
7803,0
7804,1
7805,1
7806,0
7807,1
7808,0
7809,1
7810,0
7811,1
7812,1
7813,1
7814,1
7815,1
7816,1
7817,0
7818,1
7819,1
7820,1
7821,1
7822,0
7823,1
7824,0
7825,1
7826,0
7827,0
7828,1
7829,1
7830,0
7831,1
7832,1
7833,1
7834,1
7835,1
7836,1
7837,1
7838,1
7839,0
7840,0
7841,0
7842,1
7843,1
7844,1
7845,0
7846,1
7847,0
7848,1
7849,1
7850,1
7851,1
7852,0
7853,1
7854,1
7855,1
7856,1
7857,0
7858,1
7859,0
7860,1
7861,0
7862,1
7863,1
7864,0
7865,1
7866,0
7867,1
7868,1
7869,0
7870,1
7871,1
7872,1
7873,1
7874,1
7875,1
7876,0
7877,0
7878,1
7879,1
7880,1
7881,1
7882,1
7883,1
7884,1
7885,1
7886,1
7887,1
7888,0
7889,0
7890,1
7891,1
7892,1
7893,0
7894,1
7895,1
7896,1
7897,1
7898,1
7899,0
7900,1
7901,1
7902,1
7903,0
7904,0
7905,1
7906,0
7907,1
7908,1
7909,1
7910,1
7911,1
7912,1
7913,1
7914,1
7915,0
7916,0
7917,1
7918,1
7919,0
7920,0
7921,0
7922,0
7923,1
7924,1
7925,0
7926,0
7927,0
7928,1
7929,1
7930,0
7931,1
7932,0
7933,0
7934,0
7935,1
7936,1
7937,0
7938,0
7939,1
7940,0
7941,1
7942,0
7943,1
7944,1
7945,1
7946,1
7947,0
7948,0
7949,0
7950,0
7951,0
7952,1
7953,0
7954,0
7955,0
7956,1
7957,1
7958,1
7959,0
7960,0
7961,0
7962,1
7963,0
7964,1
7965,1
7966,0
7967,0
7968,1
7969,1
7970,1
7971,1
7972,1
7973,1
7974,1
7975,1
7976,0
7977,1
7978,1
7979,0
7980,0
7981,0
7982,0
7983,0
7984,1
7985,1
7986,0
7987,1
7988,1
7989,0
7990,1
7991,0
7992,1
7993,0
7994,0
7995,1
7996,1
7997,0
7998,1
7999,1
8000,1
8001,0
8002,1
8003,1
8004,1
8005,1
8006,1
8007,0
8008,0
8009,0
8010,1
8011,1
8012,1
8013,0
8014,1
8015,1
8016,0
8017,1
8018,0
8019,0
8020,1
8021,0
8022,1
8023,1
8024,1
8025,1
8026,0
8027,1
8028,0
8029,0
8030,1
8031,1
8032,1
8033,0
8034,1
8035,0
8036,0
8037,1
8038,1
8039,0
8040,0
8041,1
8042,0
8043,0
8044,1
8045,0
8046,1
8047,1
8048,0
8049,1
8050,0
8051,1
8052,0
8053,1
8054,1
8055,1
8056,0
8057,1
8058,0
8059,1
8060,0
8061,1
8062,0
8063,1
8064,0
8065,1
8066,1
8067,0
8068,1
8069,1
8070,1
8071,1
8072,1
8073,1
8074,0
8075,1
8076,1
8077,1
8078,1
8079,1
8080,0
8081,0
8082,1
8083,0
8084,0
8085,0
8086,0
8087,1
8088,1
8089,0
8090,1
8091,1
8092,0
8093,0
8094,1
8095,1
8096,1
8097,1
8098,1
8099,0
8100,1
8101,0
8102,0
8103,0
8104,0
8105,0
8106,1
8107,1
8108,0
8109,0
8110,1
8111,1
8112,1
8113,1
8114,0
8115,1
8116,1
8117,1
8118,1
8119,1
8120,1
8121,0
8122,1
8123,1
8124,1
8125,1
8126,1
8127,1
8128,1
8129,1
8130,1
8131,1
8132,0
8133,1
8134,1
8135,1
8136,1
8137,0
8138,0
8139,0
8140,0
8141,1
8142,1
8143,1
8144,0
8145,0
8146,0
8147,0
8148,0
8149,0
8150,1
8151,1
8152,0
8153,0
8154,1
8155,1
8156,0
8157,1
8158,0
8159,1
8160,1
8161,0
8162,1
8163,1
8164,0
8165,1
8166,1
8167,0
8168,0
8169,1
8170,1
8171,1
8172,0
8173,1
8174,0
8175,0
8176,0
8177,0
8178,1
8179,0
8180,0
8181,1
8182,0
8183,0
8184,1
8185,0
8186,1
8187,0
8188,0
8189,0
8190,0
8191,0
8192,0
8193,1
8194,0
8195,0
8196,0
8197,1
8198,1
8199,1
8200,1
8201,0
8202,1
8203,1
8204,1
8205,0
8206,1
8207,1
8208,0
8209,0
8210,1
8211,1
8212,1
8213,1
8214,1
8215,0
8216,0
8217,1
8218,1
8219,1
8220,0
8221,1
8222,0
8223,0
8224,0
8225,0
8226,1
8227,1
8228,1
8229,1
8230,1
8231,1
8232,0
8233,1
8234,0
8235,1
8236,1
8237,1
8238,0
8239,1
8240,1
8241,1
8242,1
8243,0
8244,1
8245,1
8246,1
8247,1
8248,1
8249,0
8250,1
8251,1
8252,1
8253,1
8254,1
8255,1
8256,0
8257,1
8258,1
8259,0
8260,0
8261,1
8262,0
8263,1
8264,0
8265,1
8266,1
8267,1
8268,1
8269,1
8270,1
8271,1
8272,1
8273,1
8274,1
8275,1
8276,1
8277,1
8278,1
8279,1
8280,0
8281,1
8282,0
8283,1
8284,1
8285,1
8286,1
8287,1
8288,0
8289,1
8290,0
8291,1
8292,1
8293,0
8294,0
8295,1
8296,1
8297,0
8298,1
8299,1
8300,0
8301,1
8302,1
8303,1
8304,0
8305,1
8306,1
8307,1
8308,1
8309,1
8310,1
8311,0
8312,0
8313,1
8314,1
8315,0
8316,1
8317,1
8318,1
8319,1
8320,1
8321,0
8322,1
8323,0
8324,0
8325,0
8326,1
8327,0
8328,1
8329,1
8330,0
8331,1
8332,1
8333,0
8334,1
8335,0
8336,1
8337,0
8338,0
8339,0
8340,1
8341,1
8342,1
8343,1
8344,1
8345,1
8346,1
8347,0
8348,1
8349,1
8350,1
8351,0
8352,0
8353,0
8354,1
8355,1
8356,0
8357,1
8358,0
8359,0
8360,1
8361,1
8362,1
8363,1
8364,1
8365,0
8366,0
8367,0
8368,1
8369,0
8370,0
8371,1
8372,1
8373,1
8374,1
8375,0
8376,1
8377,0
8378,1
8379,1
8380,1
8381,0
8382,1
8383,1
8384,1
8385,1
8386,0
8387,0
8388,1
8389,1
8390,1
8391,1
8392,0
8393,1
8394,1
8395,1
8396,0
8397,1
8398,0
8399,1
8400,1
8401,1
8402,0
8403,0
8404,0
8405,1
8406,1
8407,0
8408,1
8409,1
8410,1
8411,0
8412,1
8413,0
8414,1
8415,1
8416,1
8417,0
8418,1
8419,1
8420,0
8421,1
8422,0
8423,0
8424,1
8425,1
8426,1
8427,0
8428,0
8429,1
8430,1
8431,1
8432,1
8433,0
8434,1
8435,1
8436,1
8437,1
8438,1
8439,1
8440,0
8441,1
8442,1
8443,0
8444,0
8445,0
8446,0
8447,0
8448,1
8449,1
8450,0
8451,0
8452,0
8453,0
8454,1
8455,0
8456,0
8457,0
8458,0
8459,0
8460,0
8461,1
8462,1
8463,1
8464,1
8465,1
8466,1
8467,1
8468,0
8469,0
8470,1
8471,1
8472,1
8473,0
8474,0
8475,0
8476,1
8477,1
8478,0
8479,1
8480,0
8481,0
8482,1
8483,0
8484,0
8485,0
8486,1
8487,1
8488,1
8489,0
8490,1
8491,1
8492,0
8493,1
8494,1
8495,1
8496,1
8497,0
8498,1
8499,1
8500,0
8501,0
8502,1
8503,0
8504,0
8505,1
8506,0
8507,1
8508,0
8509,1
8510,0
8511,1
8512,0
8513,1
8514,0
8515,1
8516,0
8517,0
8518,0
8519,1
8520,1
8521,0
8522,0
8523,1
8524,1
8525,1
8526,1
8527,0
8528,1
8529,1
8530,0
8531,0
8532,1
8533,0
8534,0
8535,1
8536,0
8537,1
8538,1
8539,0
8540,1
8541,1
8542,0
8543,0
8544,1
8545,1
8546,0
8547,0
8548,1
8549,1
8550,0
8551,1
8552,1
8553,0
8554,1
8555,0
8556,1
8557,0
8558,1
8559,1
8560,0
8561,1
8562,0
8563,1
8564,1
8565,1
8566,1
8567,1
8568,0
8569,0
8570,0
8571,0
8572,0
8573,0
8574,1
8575,1
8576,1
8577,0
8578,0
8579,1
8580,0
8581,1
8582,1
8583,0
8584,0
8585,1
8586,0
8587,0
8588,0
8589,0
8590,1
8591,0
8592,1
8593,0
8594,1
8595,1
8596,1
8597,1
8598,0
8599,0
8600,0
8601,0
8602,0
8603,1
8604,1
8605,1
8606,1
8607,1
8608,0
8609,0
8610,0
8611,1
8612,0
8613,1
8614,1
8615,1
8616,1
8617,1
8618,0
8619,0
8620,1
8621,0
8622,0
8623,0
8624,1
8625,1
8626,0
8627,1
8628,1
8629,0
8630,1
8631,0
8632,1
8633,1
8634,0
8635,0
8636,0
8637,0
8638,1
8639,0
8640,0
8641,0
8642,1
8643,1
8644,1
8645,1
8646,1
8647,0
8648,1
8649,1
8650,1
8651,0
8652,1
8653,1
8654,0
8655,0
8656,0
8657,1
8658,0
8659,0
8660,0
8661,1
8662,1
8663,1
8664,1
8665,0
8666,1
8667,0
8668,0
8669,0
8670,1
8671,0
8672,1
8673,0
8674,1
8675,1
8676,1
8677,1
8678,0
8679,1
8680,1
8681,1
8682,1
8683,1
8684,1
8685,0
8686,0
8687,1
8688,1
8689,1
8690,0
8691,1
8692,1
8693,0
8694,1
8695,0
8696,1
8697,1
8698,0
8699,1
8700,1
8701,1
8702,1
8703,1
8704,1
8705,1
8706,0
8707,1
8708,1
8709,1
8710,0
8711,0
8712,0
8713,1
8714,1
8715,1
8716,0
8717,0
8718,1
8719,0
8720,0
8721,1
8722,0
8723,0
8724,1
8725,0
8726,0
8727,1
8728,0
8729,1
8730,1
8731,0
8732,0
8733,1
8734,0
8735,0
8736,1
8737,0
8738,0
8739,0
8740,0
8741,0
8742,0
8743,1
8744,1
8745,1
8746,1
8747,1
8748,0
8749,0
8750,0
8751,1
8752,0
8753,0
8754,1
8755,0
8756,1
8757,0
8758,1
8759,0
8760,0
8761,1
8762,0
8763,1
8764,1
8765,1
8766,0
8767,1
8768,0
8769,0
8770,1
8771,0
8772,0
8773,1
8774,0
8775,1
8776,0
8777,1
8778,1
8779,1
8780,0
8781,1
8782,1
8783,0
8784,1
8785,0
8786,0
8787,0
8788,1
8789,1
8790,0
8791,1
8792,0
8793,1
8794,0
8795,1
8796,0
8797,0
8798,1
8799,0
8800,1
8801,0
8802,1
8803,0
8804,1
8805,1
8806,1
8807,0
8808,0
8809,0
8810,1
8811,1
8812,0
8813,0
8814,0
8815,0
8816,0
8817,0
8818,1
8819,1
8820,1
8821,1
8822,1
8823,1
8824,1
8825,1
8826,1
8827,1
8828,0
8829,0
8830,1
8831,1
8832,0
8833,1
8834,0
8835,1
8836,1
8837,1
8838,1
8839,1
8840,0
8841,0
8842,0
8843,1
8844,1
8845,1
8846,1
8847,1
8848,1
8849,1
8850,1
8851,0
8852,0
8853,0
8854,1
8855,1
8856,1
8857,1
8858,0
8859,1
8860,1
8861,0
8862,0
8863,0
8864,1
8865,1
8866,1
8867,1
8868,1
8869,1
8870,1
8871,1
8872,1
8873,0
8874,0
8875,0
8876,1
8877,1
8878,1
8879,1
8880,0
8881,0
8882,1
8883,1
8884,0
8885,0
8886,0
8887,1
8888,1
8889,0
8890,0
8891,1
8892,1
8893,1
8894,0
8895,1
8896,1
8897,1
8898,0
8899,1
8900,1
8901,1
8902,1
8903,1
8904,1
8905,1
8906,1
8907,1
8908,0
8909,1
8910,1
8911,1
8912,0
8913,1
8914,1
8915,0
8916,1
8917,1
8918,1
8919,1
8920,1
8921,0
8922,1
8923,1
8924,1
8925,0
8926,1
8927,0
8928,0
8929,1
8930,1
8931,1
8932,0
8933,1
8934,1
8935,0
8936,1
8937,1
8938,0
8939,1
8940,1
8941,0
8942,1
8943,1
8944,0
8945,1
8946,1
8947,1
8948,1
8949,0
8950,1
8951,1
8952,1
8953,1
8954,0
8955,1
8956,1
8957,0
8958,1
8959,1
8960,1
8961,1
8962,1
8963,0
8964,0
8965,0
8966,1
8967,1
8968,1
8969,0
8970,1
8971,0
8972,1
8973,0
8974,0
8975,0
8976,1
8977,1
8978,0
8979,1
8980,1
8981,1
8982,1
8983,0
8984,1
8985,0
8986,1
8987,1
8988,1
8989,0
8990,1
8991,1
8992,1
8993,1
8994,1
8995,1
8996,0
8997,1
8998,1
8999,0
9000,1
9001,1
9002,1
9003,1
9004,0
9005,1
9006,0
9007,1
9008,1
9009,1
9010,1
9011,1
9012,1
9013,0
9014,0
9015,1
9016,1
9017,0
9018,1
9019,1
9020,0
9021,0
9022,0
9023,0
9024,0
9025,0
9026,1
9027,0
9028,1
9029,0
9030,1
9031,1
9032,1
9033,0
9034,0
9035,1
9036,0
9037,1
9038,0
9039,1
9040,0
9041,1
9042,0
9043,1
9044,1
9045,0
9046,1
9047,1
9048,1
9049,1
9050,1
9051,1
9052,0
9053,1
9054,0
9055,0
9056,0
9057,1
9058,0
9059,0
9060,1
9061,0
9062,0
9063,1
9064,0
9065,0
9066,1
9067,1
9068,1
9069,1
9070,1
9071,0
9072,1
9073,1
9074,1
9075,1
9076,1
9077,1
9078,1
9079,1
9080,0
9081,1
9082,1
9083,0
9084,1
9085,1
9086,1
9087,0
9088,0
9089,0
9090,1
9091,1
9092,1
9093,1
9094,1
9095,0
9096,0
9097,0
9098,0
9099,1
9100,1
9101,0
9102,0
9103,1
9104,1
9105,1
9106,0
9107,1
9108,1
9109,1
9110,0
9111,1
9112,0
9113,1
9114,1
9115,0
9116,1
9117,1
9118,0
9119,1
9120,0
9121,0
9122,0
9123,1
9124,1
9125,0
9126,1
9127,1
9128,1
9129,0
9130,0
9131,0
9132,1
9133,1
9134,0
9135,1
9136,1
9137,1
9138,0
9139,0
9140,1
9141,1
9142,1
9143,1
9144,0
9145,0
9146,1
9147,0
9148,0
9149,0
9150,1
9151,1
9152,1
9153,1
9154,0
9155,0
9156,1
9157,0
9158,0
9159,1
9160,1
9161,0
9162,0
9163,1
9164,1
9165,1
9166,1
9167,0
9168,0
9169,0
9170,0
9171,0
9172,1
9173,1
9174,1
9175,1
9176,0
9177,1
9178,1
9179,1
9180,1
9181,0
9182,1
9183,0
9184,1
9185,1
9186,1
9187,1
9188,1
9189,1
9190,1
9191,1
9192,0
9193,0
9194,1
9195,0
9196,0
9197,0
9198,0
9199,0
9200,0
9201,0
9202,0
9203,1
9204,0
9205,0
9206,0
9207,1
9208,1
9209,1
9210,1
9211,0
9212,0
9213,0
9214,0
9215,1
9216,0
9217,1
9218,1
9219,1
9220,1
9221,0
9222,0
9223,1
9224,1
9225,0
9226,1
9227,0
9228,1
9229,1
9230,0
9231,1
9232,1
9233,1
9234,0
9235,1
9236,1
9237,1
9238,1
9239,1
9240,1
9241,1
9242,0
9243,1
9244,0
9245,0
9246,1
9247,1
9248,1
9249,1
9250,1
9251,0
9252,1
9253,0
9254,1
9255,0
9256,1
9257,1
9258,0
9259,0
9260,0
9261,1
9262,1
9263,1
9264,1
9265,1
9266,1
9267,0
9268,1
9269,0
9270,0
9271,1
9272,1
9273,0
9274,0
9275,0
9276,1
9277,1
9278,1
9279,0
9280,0
9281,0
9282,1
9283,1
9284,1
9285,0
9286,1
9287,1
9288,1
9289,0
9290,1
9291,0
9292,0
9293,1
9294,0
9295,1
9296,1
9297,0
9298,1
9299,1
9300,1
9301,0
9302,0
9303,1
9304,0
9305,1
9306,1
9307,1
9308,0
9309,1
9310,0
9311,1
9312,0
9313,1
9314,1
9315,1
9316,0
9317,1
9318,0
9319,0
9320,1
9321,1
9322,1
9323,1
9324,0
9325,0
9326,0
9327,1
9328,1
9329,0
9330,0
9331,1
9332,1
9333,1
9334,1
9335,1
9336,1
9337,1
9338,0
9339,1
9340,0
9341,1
9342,0
9343,0
9344,1
9345,1
9346,1
9347,0
9348,1
9349,1
9350,0
9351,1
9352,0
9353,1
9354,1
9355,1
9356,0
9357,1
9358,0
9359,0
9360,1
9361,1
9362,0
9363,1
9364,1
9365,1
9366,1
9367,0
9368,0
9369,0
9370,0
9371,0
9372,1
9373,0
9374,0
9375,1
9376,0
9377,1
9378,0
9379,1
9380,1
9381,1
9382,1
9383,0
9384,1
9385,1
9386,1
9387,0
9388,1
9389,0
9390,1
9391,0
9392,1
9393,0
9394,0
9395,0
9396,0
9397,1
9398,1
9399,0
9400,1
9401,1
9402,1
9403,1
9404,1
9405,0
9406,1
9407,1
9408,1
9409,1
9410,1
9411,1
9412,1
9413,0
9414,0
9415,0
9416,1
9417,1
9418,0
9419,0
9420,0
9421,0
9422,1
9423,1
9424,0
9425,1
9426,1
9427,0
9428,1
9429,1
9430,0
9431,1
9432,0
9433,1
9434,1
9435,1
9436,1
9437,1
9438,1
9439,0
9440,1
9441,1
9442,1
9443,1
9444,0
9445,1
9446,0
9447,1
9448,1
9449,0
9450,1
9451,0
9452,0
9453,1
9454,1
9455,1
9456,0
9457,1
9458,0
9459,1
9460,1
9461,0
9462,1
9463,0
9464,0
9465,0
9466,0
9467,1
9468,1
9469,1
9470,0
9471,1
9472,1
9473,0
9474,1
9475,1
9476,0
9477,1
9478,1
9479,0
9480,0
9481,1
9482,1
9483,1
9484,0
9485,1
9486,0
9487,1
9488,0
9489,1
9490,0
9491,0
9492,1
9493,0
9494,1
9495,1
9496,1
9497,1
9498,1
9499,0
9500,1
9501,1
9502,1
9503,0
9504,1
9505,1
9506,0
9507,0
9508,0
9509,0
9510,1
9511,1
9512,1
9513,1
9514,0
9515,0
9516,1
9517,1
9518,1
9519,0
9520,0
9521,0
9522,0
9523,1
9524,0
9525,1
9526,1
9527,1
9528,0
9529,1
9530,0
9531,1
9532,1
9533,1
9534,0
9535,1
9536,1
9537,1
9538,1
9539,1
9540,1
9541,0
9542,1
9543,1
9544,0
9545,0
9546,1
9547,1
9548,0
9549,1
9550,0
9551,0
9552,0
9553,1
9554,1
9555,0
9556,0
9557,1
9558,1
9559,0
9560,1
9561,0
9562,1
9563,0
9564,1
9565,0
9566,1
9567,1
9568,1
9569,1
9570,0
9571,1
9572,1
9573,1
9574,0
9575,1
9576,1
9577,1
9578,0
9579,1
9580,0
9581,1
9582,1
9583,0
9584,1
9585,1
9586,0
9587,0
9588,1
9589,1
9590,1
9591,0
9592,1
9593,1
9594,0
9595,1
9596,1
9597,0
9598,0
9599,1
9600,0
9601,0
9602,1
9603,1
9604,1
9605,1
9606,1
9607,1
9608,1
9609,0
9610,0
9611,1
9612,1
9613,0
9614,1
9615,1
9616,1
9617,1
9618,0
9619,1
9620,0
9621,1
9622,1
9623,0
9624,0
9625,0
9626,0
9627,1
9628,1
9629,1
9630,1
9631,0
9632,1
9633,1
9634,0
9635,1
9636,0
9637,0
9638,1
9639,1
9640,1
9641,0
9642,1
9643,1
9644,1
9645,1
9646,1
9647,1
9648,1
9649,1
9650,1
9651,0
9652,1
9653,1
9654,1
9655,1
9656,1
9657,1
9658,1
9659,0
9660,1
9661,0
9662,1
9663,1
9664,0
9665,0
9666,0
9667,1
9668,1
9669,1
9670,1
9671,0
9672,1
9673,0
9674,1
9675,1
9676,1
9677,1
9678,0
9679,0
9680,1
9681,0
9682,1
9683,1
9684,0
9685,1
9686,1
9687,1
9688,1
9689,1
9690,0
9691,0
9692,0
9693,0
9694,0
9695,1
9696,1
9697,1
9698,1
9699,1
9700,1
9701,1
9702,0
9703,0
9704,1
9705,0
9706,0
9707,1
9708,0
9709,0
9710,1
9711,0
9712,0
9713,1
9714,1
9715,0
9716,1
9717,1
9718,0
9719,1
9720,1
9721,1
9722,1
9723,1
9724,1
9725,1
9726,1
9727,1
9728,0
9729,0
9730,1
9731,1
9732,0
9733,0
9734,0
9735,0
9736,1
9737,1
9738,1
9739,0
9740,1
9741,0
9742,1
9743,1
9744,0
9745,1
9746,1
9747,0
9748,0
9749,0
9750,1
9751,0
9752,0
9753,1
9754,1
9755,1
9756,0
9757,0
9758,1
9759,1
9760,1
9761,0
9762,0
9763,0
9764,1
9765,0
9766,0
9767,0
9768,1
9769,1
9770,0
9771,0
9772,1
9773,0
9774,1
9775,1
9776,0
9777,1
9778,1
9779,1
9780,1
9781,1
9782,1
9783,1
9784,1
9785,0
9786,0
9787,0
9788,1
9789,0
9790,1
9791,1
9792,0
9793,0
9794,1
9795,0
9796,1
9797,1
9798,1
9799,0
9800,1
9801,0
9802,1
9803,1
9804,1
9805,1
9806,1
9807,0
9808,1
9809,1
9810,1
9811,1
9812,1
9813,1
9814,1
9815,0
9816,1
9817,0
9818,1
9819,1
9820,1
9821,0
9822,1
9823,1
9824,1
9825,0
9826,0
9827,0
9828,0
9829,1
9830,1
9831,1
9832,1
9833,1
9834,1
9835,0
9836,0
9837,1
9838,1
9839,1
9840,1
9841,1
9842,1
9843,1
9844,1
9845,1
9846,0
9847,0
9848,0
9849,0
9850,1
9851,0
9852,1
9853,1
9854,1
9855,1
9856,1
9857,1
9858,0
9859,0
9860,1
9861,1
9862,1
9863,1
9864,1
9865,1
9866,1
9867,1
9868,1
9869,1
9870,1
9871,0
9872,1
9873,1
9874,0
9875,1
9876,1
9877,0
9878,0
9879,1
9880,1
9881,1
9882,1
9883,1
9884,1
9885,0
9886,1
9887,0
9888,1
9889,1
9890,0
9891,0
9892,0
9893,0
9894,1
9895,0
9896,1
9897,1
9898,1
9899,0
9900,0
9901,1
9902,1
9903,1
9904,0
9905,0
9906,1
9907,0
9908,1
9909,1
9910,1
9911,0
9912,1
9913,0
9914,0
9915,1
9916,0
9917,1
9918,1
9919,0
9920,1
9921,1
9922,1
9923,0
9924,1
9925,1
9926,1
9927,1
9928,1
9929,1
9930,1
9931,0
9932,1
9933,0
9934,0
9935,0
9936,0
9937,1
9938,1
9939,0
9940,0
9941,1
9942,0
9943,0
9944,1
9945,0
9946,1
9947,0
9948,0
9949,1
9950,0
9951,1
9952,1
9953,0
9954,1
9955,1
9956,1
9957,1
9958,1
9959,1
9960,0
9961,1
9962,0
9963,0
9964,1
9965,1
9966,1
9967,0
9968,0
9969,1
9970,1
9971,1
9972,0
9973,1
9974,0
9975,0
9976,0
9977,1
9978,1
9979,0
9980,1
9981,1
9982,1
9983,0
9984,1
9985,0
9986,1
9987,1
9988,1
9989,1
9990,1
9991,0
9992,1
9993,0
9994,0
9995,1
9996,0
9997,1
9998,0
9999,0
